trial_id,loss,mcc_main_y,acc_main_y,prec_main_y,rec_main_y,f1_main_y,time_this_iter_s,done,timesteps_total,episodes_total,training_iteration,experiment_id,date,timestamp,time_total_s,pid,hostname,node_ip,time_since_restore,timesteps_since_restore,iterations_since_restore,experiment_tag,config.learning_rate,config.batch_size,config.bidirectional,config.lstm_layers,config.hidden_dim,config.lstm_output_dim,config.dropout_lstm,config.dropout_lin,config.opt_step_size,config.labels,config.classification_tasks,config.regression_tasks,config.loss_fnct,config.weights,config.cnn_layers,config.cnn_kernel_size,config.featset,config.data_path
3d10d_00000,0.3554547131061554,0.638835608959198,0.8583741188049316,0.8934860229492188,0.9135263562202454,0.8570032715797424,383.0576786994934,True,,,12,954b546dd7bb4bd78ba157c9737a83da,2021-10-03_23-09-56,1633291796,4563.047779083252,1933,crimv3mgpu004,10.141.0.2,4563.047779083252,0,12,"0_batch_size=32,bidirectional=True,cnn_kernel_size=9,cnn_layers=1,dropout_lin=0.024977,dropout_lstm=0.46508,hidden_dim=32,learning_rate=0.004333,lstm_layers=1,lstm_output_dim=249,opt_step_size=4",0.004332968935409994,32,True,1,32,249,0.46508094785167664,0.024976551361510446,4,['main_y'],['main_y'],[],[<class 'torch.nn.modules.loss.BCEWithLogitsLoss'>],[1.0],1,9,tsfresh,20min_centered
3d10d_00001,0.4760590195655823,0.24007996916770935,0.7465705275535583,0.7411304712295532,0.9995535016059875,0.6576468348503113,166.41244411468506,True,,,20,f5ece713a8044efdbdb2287a2f2fc0d9,2021-10-04_00-06-02,1633295162,3359.694020986557,1938,crimv3mgpu004,10.141.0.2,3359.694020986557,0,20,"1_batch_size=128,bidirectional=False,cnn_kernel_size=10,cnn_layers=2,dropout_lin=0.87325,dropout_lstm=0.91048,hidden_dim=64,learning_rate=1.1052e-05,lstm_layers=2,lstm_output_dim=203,opt_step_size=17",1.1051945397237815e-05,128,False,2,64,203,0.910475109477752,0.8732484385181069,17,['main_y'],['main_y'],[],[<class 'torch.nn.modules.loss.BCEWithLogitsLoss'>],[1.0],2,10,tsfresh,20min_centered
3d10d_00002,0.5517632961273193,0.0,0.7250891923904419,0.7250891923904419,1.0,0.609538733959198,297.2196707725525,True,,,20,9a4f72cb8585427a9823c3cde5ff1fca,2021-10-04_01-47-29,1633301249,6076.854393005371,1898,crimv3mgpu004,10.141.0.2,6076.854393005371,0,20,"2_batch_size=64,bidirectional=True,cnn_kernel_size=8,cnn_layers=1,dropout_lin=0.95407,dropout_lstm=0.37817,hidden_dim=64,learning_rate=3.3738e-06,lstm_layers=2,lstm_output_dim=251,opt_step_size=18",3.3737942556158694e-06,64,True,2,64,251,0.3781743158666867,0.9540671012492737,18,['main_y'],['main_y'],[],[<class 'torch.nn.modules.loss.BCEWithLogitsLoss'>],[1.0],1,8,tsfresh,20min_centered
3d10d_00003,0.4711582064628601,0.0,0.7248863577842712,0.7248863577842712,1.0,0.609269380569458,766.730929851532,True,,,20,e5ca922bc015416898afc03ad80148a1,2021-10-04_06-07-30,1633316850,15590.476983308792,1931,crimv3mgpu004,10.141.0.2,15590.476983308792,0,20,"3_batch_size=16,bidirectional=True,cnn_kernel_size=3,cnn_layers=2,dropout_lin=0.82962,dropout_lstm=0.86569,hidden_dim=64,learning_rate=1.5827e-06,lstm_layers=1,lstm_output_dim=169,opt_step_size=8",1.5827419433803742e-06,16,True,1,64,169,0.8656936759770196,0.8296161354101587,8,['main_y'],['main_y'],[],[<class 'torch.nn.modules.loss.BCEWithLogitsLoss'>],[1.0],2,3,tsfresh,20min_centered
3d10d_00004,0.5888159275054932,0.0,0.7246444225311279,0.7246444225311279,1.0,0.6089481711387634,121.26391386985779,True,,,13,e993a554cd2e48b6bda15e88e8568426,2021-10-04_06-34-36,1633318476,1614.9736604690552,1941,crimv3mgpu004,10.141.0.2,1614.9736604690552,0,13,"4_batch_size=256,bidirectional=True,cnn_kernel_size=7,cnn_layers=3,dropout_lin=0.99736,dropout_lstm=0.8099,hidden_dim=16,learning_rate=0.00048976,lstm_layers=1,lstm_output_dim=233,opt_step_size=10",0.000489755799941996,256,True,1,16,233,0.8099041380530412,0.9973616114089572,10,['main_y'],['main_y'],[],[<class 'torch.nn.modules.loss.BCEWithLogitsLoss'>],[1.0],3,7,tsfresh,20min_centered
3d10d_00005,0.5884881615638733,0.0,0.7248863577842712,0.7248863577842712,1.0,0.609269380569458,2890.4187593460083,True,,,6,8cec160ba4704ce8bb7de6d2c06eda63,2021-10-04_11-23-51,1633335831,17345.476052045822,1937,crimv3mgpu004,10.141.0.2,17345.476052045822,0,6,"5_batch_size=16,bidirectional=True,cnn_kernel_size=5,cnn_layers=3,dropout_lin=0.96322,dropout_lstm=0.24304,hidden_dim=128,learning_rate=0.020635,lstm_layers=2,lstm_output_dim=154,opt_step_size=10",0.02063493705217935,16,True,2,128,154,0.24304167630328066,0.9632224356421923,10,['main_y'],['main_y'],[],[<class 'torch.nn.modules.loss.BCEWithLogitsLoss'>],[1.0],3,5,tsfresh,20min_centered
3d10d_00006,0.33408308029174805,0.6520009636878967,0.8660401701927185,0.8860446214675903,0.93544602394104,0.8625537753105164,152.1983938217163,True,,,20,6f4371252b034e638748fc455a87d890,2021-10-04_12-16-05,1633338965,3123.7671463489532,1912,crimv3mgpu004,10.141.0.2,3123.7671463489532,0,20,"6_batch_size=512,bidirectional=True,cnn_kernel_size=4,cnn_layers=3,dropout_lin=0.36203,dropout_lstm=0.68073,hidden_dim=64,learning_rate=0.00039408,lstm_layers=2,lstm_output_dim=74,opt_step_size=1",0.00039408460398063813,512,True,2,64,74,0.6807261412901484,0.3620329781479851,1,['main_y'],['main_y'],[],[<class 'torch.nn.modules.loss.BCEWithLogitsLoss'>],[1.0],3,4,tsfresh,20min_centered
3d10d_00007,0.5173008441925049,0.0,0.7232332825660706,0.7232332825660706,1.0,0.607075572013855,93.01635956764221,True,,,20,fc2984be3c884f9093d2dd67a8d04ecc,2021-10-04_12-47-54,1633340874,1901.9888734817505,1910,crimv3mgpu004,10.141.0.2,1901.9888734817505,0,20,"7_batch_size=2048,bidirectional=False,cnn_kernel_size=7,cnn_layers=3,dropout_lin=0.63899,dropout_lstm=0.5474,hidden_dim=32,learning_rate=7.6671e-06,lstm_layers=2,lstm_output_dim=15,opt_step_size=1",7.667072453380035e-06,2048,False,2,32,15,0.5474009077409242,0.6389894669173044,1,['main_y'],['main_y'],[],[<class 'torch.nn.modules.loss.BCEWithLogitsLoss'>],[1.0],3,7,tsfresh,20min_centered
3d10d_00008,0.5761547088623047,0.0,0.724952757358551,0.724952757358551,1.0,0.6093575358390808,114.66416645050049,True,,,20,0791c637598646e08b56856a817c2a99,2021-10-04_13-29-12,1633343352,2470.7523250579834,1907,crimv3mgpu004,10.141.0.2,2470.7523250579834,0,20,"8_batch_size=128,bidirectional=False,cnn_kernel_size=6,cnn_layers=2,dropout_lin=0.87951,dropout_lstm=0.40521,hidden_dim=8,learning_rate=3.5562e-06,lstm_layers=2,lstm_output_dim=241,opt_step_size=14",3.5561673100653644e-06,128,False,2,8,241,0.40520850354397797,0.879511277418149,14,['main_y'],['main_y'],[],[<class 'torch.nn.modules.loss.BCEWithLogitsLoss'>],[1.0],2,6,tsfresh,20min_centered
3d10d_00009,0.3336523771286011,0.6544630527496338,0.8669405579566956,0.8873416781425476,0.935171902179718,0.8636009097099304,556.0758004188538,True,,,17,57c1fa9fed9d482b8d3bf242906c044a,2021-10-04_16-07-10,1633352830,9471.43196773529,1905,crimv3mgpu004,10.141.0.2,9471.43196773529,0,17,"9_batch_size=16,bidirectional=False,cnn_kernel_size=3,cnn_layers=1,dropout_lin=0.42417,dropout_lstm=0.17115,hidden_dim=16,learning_rate=4.2231e-05,lstm_layers=1,lstm_output_dim=163,opt_step_size=8",4.223077354452996e-05,16,False,1,16,163,0.17115395966763658,0.4241665431441405,8,['main_y'],['main_y'],[],[<class 'torch.nn.modules.loss.BCEWithLogitsLoss'>],[1.0],1,3,tsfresh,20min_centered
3d10d_00010,0.4984346926212311,0.5298206806182861,0.8251065611839294,0.833529531955719,0.9473884701728821,0.811699390411377,45.577796936035156,True,,,20,f95d65cf96ef4e02a5ece2c4d6f1a484,2021-10-04_16-32-55,1633354375,1534.5645604133606,1928,crimv3mgpu004,10.141.0.2,1534.5645604133606,0,20,"10_batch_size=2048,bidirectional=False,cnn_kernel_size=5,cnn_layers=1,dropout_lin=0.73534,dropout_lstm=0.94976,hidden_dim=32,learning_rate=2.5579e-05,lstm_layers=2,lstm_output_dim=57,opt_step_size=19",2.5578756571192852e-05,2048,False,2,32,57,0.949755158609929,0.735340393096052,19,['main_y'],['main_y'],[],[<class 'torch.nn.modules.loss.BCEWithLogitsLoss'>],[1.0],1,5,tsfresh,20min_centered
3d10d_00011,0.35076260566711426,0.6426202058792114,0.8619908094406128,0.8866056799888611,0.9283654093742371,0.8590117692947388,160.34696006774902,True,,,20,ad346d470e284c419eddcd0a8cb74a3d,2021-10-04_17-25-46,1633357546,3164.214417695999,1902,crimv3mgpu004,10.141.0.2,3164.214417695999,0,20,"11_batch_size=128,bidirectional=False,cnn_kernel_size=6,cnn_layers=3,dropout_lin=0.068365,dropout_lstm=0.32539,hidden_dim=32,learning_rate=1.8664e-05,lstm_layers=2,lstm_output_dim=131,opt_step_size=7",1.8664443736005855e-05,128,False,2,32,131,0.32539080571386225,0.06836489351264208,7,['main_y'],['main_y'],[],[<class 'torch.nn.modules.loss.BCEWithLogitsLoss'>],[1.0],3,6,tsfresh,20min_centered
3d10d_00012,0.660330057144165,0.0,0.7232332825660706,0.7232332825660706,1.0,0.607075572013855,81.29425358772278,True,,,6,0ca2f84681834de0804e9ca69d1bd4e5,2021-10-04_17-35-02,1633358102,547.7259230613708,1926,crimv3mgpu004,10.141.0.2,547.7259230613708,0,6,"12_batch_size=2048,bidirectional=True,cnn_kernel_size=4,cnn_layers=1,dropout_lin=0.97777,dropout_lstm=0.62353,hidden_dim=32,learning_rate=2.21e-06,lstm_layers=1,lstm_output_dim=228,opt_step_size=19",2.209961331524773e-06,2048,True,1,32,228,0.6235345800184766,0.9777716716771208,19,['main_y'],['main_y'],[],[<class 'torch.nn.modules.loss.BCEWithLogitsLoss'>],[1.0],1,4,tsfresh,20min_centered
3d10d_00013,0.37531137466430664,0.6009662747383118,0.846794068813324,0.8707341551780701,0.9256308674812317,0.8422520160675049,84.72034621238708,True,,,20,24b548d166904a84aafd13e61f5afb07,2021-10-04_18-03-56,1633359836,1727.8575387001038,1930,crimv3mgpu004,10.141.0.2,1727.8575387001038,0,20,"13_batch_size=1024,bidirectional=True,cnn_kernel_size=9,cnn_layers=2,dropout_lin=0.13619,dropout_lstm=0.27737,hidden_dim=8,learning_rate=1.9279e-05,lstm_layers=2,lstm_output_dim=51,opt_step_size=8",1.9279250368899986e-05,1024,True,2,8,51,0.2773692624782196,0.13618818619785378,8,['main_y'],['main_y'],[],[<class 'torch.nn.modules.loss.BCEWithLogitsLoss'>],[1.0],2,9,tsfresh,20min_centered
3d10d_00014,0.3335379660129547,0.6551437973976135,0.8676728010177612,0.8853319883346558,0.9391392469406128,0.8638589978218079,219.44770193099976,True,,,17,fa3204f23b374dd0a53be22c09f41a07,2021-10-04_19-07-27,1633363647,3803.0558710098267,1940,crimv3mgpu004,10.141.0.2,3803.0558710098267,0,17,"14_batch_size=64,bidirectional=True,cnn_kernel_size=6,cnn_layers=2,dropout_lin=0.28394,dropout_lstm=0.74409,hidden_dim=32,learning_rate=5.4121e-05,lstm_layers=1,lstm_output_dim=181,opt_step_size=11",5.4120929156237644e-05,64,True,1,32,181,0.7440929042433487,0.2839398921577454,11,['main_y'],['main_y'],[],[<class 'torch.nn.modules.loss.BCEWithLogitsLoss'>],[1.0],2,6,tsfresh,20min_centered
3d10d_00015,0.36073750257492065,0.6208232045173645,0.8565492033958435,0.8657473921775818,0.9493392705917358,0.8493949770927429,138.22535228729248,True,,,11,4fd5822e0652493396bb683d2cb18c58,2021-10-04_19-32-53,1633365173,1516.2543368339539,1894,crimv3mgpu004,10.141.0.2,1516.2543368339539,0,11,"15_batch_size=128,bidirectional=False,cnn_kernel_size=10,cnn_layers=1,dropout_lin=0.088107,dropout_lstm=0.36332,hidden_dim=64,learning_rate=0.030617,lstm_layers=1,lstm_output_dim=148,opt_step_size=10",0.030617376162115528,128,False,1,64,148,0.36332415824560804,0.08810694510702788,10,['main_y'],['main_y'],[],[<class 'torch.nn.modules.loss.BCEWithLogitsLoss'>],[1.0],1,10,tsfresh,20min_centered
3d10d_00016,0.48005905747413635,0.0,0.724952757358551,0.724952757358551,1.0,0.6093575358390808,104.7262659072876,True,,,20,69c6bb7895a14e969244b4554f94918c,2021-10-04_20-07-36,1633367256,2076.6365842819214,1915,crimv3mgpu004,10.141.0.2,2076.6365842819214,0,20,"16_batch_size=128,bidirectional=False,cnn_kernel_size=6,cnn_layers=1,dropout_lin=0.85514,dropout_lstm=0.04903,hidden_dim=32,learning_rate=6.2322e-06,lstm_layers=1,lstm_output_dim=58,opt_step_size=3",6.232235539680247e-06,128,False,1,32,58,0.04903041139453512,0.8551404225260636,3,['main_y'],['main_y'],[],[<class 'torch.nn.modules.loss.BCEWithLogitsLoss'>],[1.0],1,6,tsfresh,20min_centered
3d10d_00017,0.5903618931770325,0.0,0.7250891923904419,0.7250891923904419,1.0,0.609538733959198,244.45600819587708,True,,,6,9207be316d374de38ae7eede1673eb39,2021-10-04_20-33-07,1633368787,1523.666319847107,1899,crimv3mgpu004,10.141.0.2,1523.666319847107,0,6,"17_batch_size=64,bidirectional=True,cnn_kernel_size=8,cnn_layers=3,dropout_lin=0.16366,dropout_lstm=0.65759,hidden_dim=8,learning_rate=0.028894,lstm_layers=2,lstm_output_dim=228,opt_step_size=17",0.02889424104613616,64,True,2,8,228,0.6575949174258566,0.16365682793474512,17,['main_y'],['main_y'],[],[<class 'torch.nn.modules.loss.BCEWithLogitsLoss'>],[1.0],3,8,tsfresh,20min_centered
3d10d_00018,0.5825057029724121,0.4970899224281311,0.795960009098053,0.865027666091919,0.850678026676178,0.7972728610038757,86.30052280426025,True,,,20,5f8d9b80d3264dcdb0cb4b52fa59c8d5,2021-10-04_21-00-27,1633370427,1633.5337436199188,1925,crimv3mgpu004,10.141.0.2,1633.5337436199188,0,20,"18_batch_size=1024,bidirectional=False,cnn_kernel_size=4,cnn_layers=1,dropout_lin=0.70031,dropout_lstm=0.60382,hidden_dim=8,learning_rate=2.8341e-06,lstm_layers=1,lstm_output_dim=185,opt_step_size=8",2.834107957306828e-06,1024,False,1,8,185,0.603815281943865,0.7003057413537699,8,['main_y'],['main_y'],[],[<class 'torch.nn.modules.loss.BCEWithLogitsLoss'>],[1.0],1,4,tsfresh,20min_centered
3d10d_00019,0.3376947045326233,0.6476662158966064,0.8659877777099609,0.8746591210365295,0.9514753818511963,0.860039234161377,349.28763127326965,True,,,12,ef84e4dba7fb436dbf1707ce5de8af26,2021-10-04_22-11-35,1633374695,4260.5599274635315,1921,crimv3mgpu004,10.141.0.2,4260.5599274635315,0,12,"19_batch_size=32,bidirectional=True,cnn_kernel_size=10,cnn_layers=2,dropout_lin=0.36392,dropout_lstm=0.34613,hidden_dim=16,learning_rate=9.6337e-05,lstm_layers=1,lstm_output_dim=214,opt_step_size=6",9.633733240528626e-05,32,True,1,16,214,0.34613137430942964,0.3639205309717536,6,['main_y'],['main_y'],[],[<class 'torch.nn.modules.loss.BCEWithLogitsLoss'>],[1.0],2,10,tsfresh,20min_centered
3d10d_00020,0.3422662615776062,0.6417956352233887,0.8637031316757202,0.875327467918396,0.946893036365509,0.8581437468528748,249.17304968833923,True,,,20,a758ea2bf0d34c869dbf50a20ec2411e,2021-10-04_23-38-32,1633379912,5206.750408887863,1929,crimv3mgpu004,10.141.0.2,5206.750408887863,0,20,"20_batch_size=64,bidirectional=False,cnn_kernel_size=10,cnn_layers=3,dropout_lin=0.38746,dropout_lstm=0.85352,hidden_dim=64,learning_rate=1.7043e-05,lstm_layers=2,lstm_output_dim=32,opt_step_size=14",1.7043190498764037e-05,64,False,2,64,32,0.853524906257338,0.3874581637451169,14,['main_y'],['main_y'],[],[<class 'torch.nn.modules.loss.BCEWithLogitsLoss'>],[1.0],3,10,tsfresh,20min_centered
3d10d_00021,0.35543638467788696,0.6272685527801514,0.8589200973510742,0.8519580960273743,0.9747782349586487,0.8471177816390991,151.22286653518677,True,,,6,a93236a6db284ec2b5480c313f203542,2021-10-04_23-54-34,1633380874,951.7923469543457,1927,crimv3mgpu004,10.141.0.2,951.7923469543457,0,6,"21_batch_size=128,bidirectional=False,cnn_kernel_size=5,cnn_layers=1,dropout_lin=0.69579,dropout_lstm=0.23401,hidden_dim=128,learning_rate=0.005265,lstm_layers=1,lstm_output_dim=111,opt_step_size=1",0.005265022949598724,128,False,1,128,111,0.2340079073795711,0.6957854503681359,1,['main_y'],['main_y'],[],[<class 'torch.nn.modules.loss.BCEWithLogitsLoss'>],[1.0],1,5,tsfresh,20min_centered
3d10d_00022,0.5882871747016907,0.0,0.7248863577842712,0.7248863577842712,1.0,0.609269380569458,637.260500907898,True,,,11,cee3b4bf4d0c47eea626adce88a79cad,2021-10-05_01-47-17,1633387637,6756.596091508865,1935,crimv3mgpu004,10.141.0.2,6756.596091508865,0,11,"22_batch_size=16,bidirectional=False,cnn_kernel_size=10,cnn_layers=1,dropout_lin=0.22352,dropout_lstm=0.84216,hidden_dim=16,learning_rate=0.045263,lstm_layers=2,lstm_output_dim=33,opt_step_size=6",0.045263021352345514,16,False,2,16,33,0.8421566703375968,0.2235194623772414,6,['main_y'],['main_y'],[],[<class 'torch.nn.modules.loss.BCEWithLogitsLoss'>],[1.0],1,10,tsfresh,20min_centered
3d10d_00023,0.39443692564964294,0.6191816926002502,0.8471269607543945,0.8977022767066956,0.8906172513961792,0.8476109504699707,93.60323238372803,True,,,7,a8b89903b72248e0ac1711a40ca3a8d0,2021-10-05_01-59-52,1633388392,745.6102795600891,1904,crimv3mgpu004,10.141.0.2,745.6102795600891,0,7,"23_batch_size=128,bidirectional=False,cnn_kernel_size=4,cnn_layers=1,dropout_lin=0.33048,dropout_lstm=0.11019,hidden_dim=8,learning_rate=0.014416,lstm_layers=2,lstm_output_dim=78,opt_step_size=17",0.014416452886000143,128,False,2,8,78,0.11018595173002621,0.33047949219229245,17,['main_y'],['main_y'],[],[<class 'torch.nn.modules.loss.BCEWithLogitsLoss'>],[1.0],1,4,tsfresh,20min_centered
3d10d_00024,0.3297697603702545,0.6510751247406006,0.867178738117218,0.8749750256538391,0.9528626799583435,0.861197829246521,124.29279279708862,True,,,13,0139e8bc6c56409192903df8fcf5d809,2021-10-05_02-28-25,1633390105,1706.450231552124,1916,crimv3mgpu004,10.141.0.2,1706.450231552124,0,13,"24_batch_size=512,bidirectional=True,cnn_kernel_size=7,cnn_layers=1,dropout_lin=0.42252,dropout_lstm=0.60055,hidden_dim=64,learning_rate=0.00063161,lstm_layers=2,lstm_output_dim=121,opt_step_size=3",0.0006316139120157062,512,True,2,64,121,0.600546012111253,0.4225155379738149,3,['main_y'],['main_y'],[],[<class 'torch.nn.modules.loss.BCEWithLogitsLoss'>],[1.0],1,7,tsfresh,20min_centered
3d10d_00025,0.3349965512752533,0.651572048664093,0.8657877445220947,0.8870457410812378,0.9337717890739441,0.8625037670135498,141.05099487304688,True,,,14,e3fdedaa3e3945d0b2134d613a040828,2021-10-05_03-01-16,1633392076,1960.6028966903687,1900,crimv3mgpu004,10.141.0.2,1960.6028966903687,0,14,"25_batch_size=128,bidirectional=True,cnn_kernel_size=9,cnn_layers=2,dropout_lin=0.016686,dropout_lstm=0.60471,hidden_dim=16,learning_rate=0.00015039,lstm_layers=1,lstm_output_dim=184,opt_step_size=9",0.00015039188878313212,128,True,1,16,184,0.6047146234275677,0.016685833324146304,9,['main_y'],['main_y'],[],[<class 'torch.nn.modules.loss.BCEWithLogitsLoss'>],[1.0],2,9,tsfresh,20min_centered
3d10d_00026,0.4737285375595093,0.30149444937705994,0.7608159780502319,0.7547444701194763,0.9927164912223816,0.6919797658920288,198.1595754623413,True,,,20,7c3239c2a3484414aa12954001afe2f0,2021-10-05_04-09-26,1633396166,4080.169492483139,1909,crimv3mgpu004,10.141.0.2,4080.169492483139,0,20,"26_batch_size=64,bidirectional=False,cnn_kernel_size=4,cnn_layers=3,dropout_lin=0.8107,dropout_lstm=0.2232,hidden_dim=8,learning_rate=2.5966e-06,lstm_layers=1,lstm_output_dim=221,opt_step_size=10",2.596618914167676e-06,64,False,1,8,221,0.2231982176944064,0.8107018501346834,10,['main_y'],['main_y'],[],[<class 'torch.nn.modules.loss.BCEWithLogitsLoss'>],[1.0],3,4,tsfresh,20min_centered
3d10d_00027,0.33261677622795105,0.6443732976913452,0.8651490807533264,0.8691131472587585,0.9583056569099426,0.8578947186470032,188.55757665634155,True,,,20,0f6fc92e25e244f8ae9ae468d754c0c9,2021-10-05_05-12-35,1633399955,3777.9472980499268,1897,crimv3mgpu004,10.141.0.2,3777.9472980499268,0,20,"27_batch_size=128,bidirectional=False,cnn_kernel_size=7,cnn_layers=3,dropout_lin=0.55816,dropout_lstm=0.44599,hidden_dim=128,learning_rate=2.96e-05,lstm_layers=1,lstm_output_dim=114,opt_step_size=11",2.9599883038898238e-05,128,False,1,128,114,0.4459852989615487,0.5581609643595866,11,['main_y'],['main_y'],[],[<class 'torch.nn.modules.loss.BCEWithLogitsLoss'>],[1.0],3,7,tsfresh,20min_centered
3d10d_00028,0.3601205050945282,0.6317846775054932,0.860760509967804,0.858301043510437,0.9676703810691833,0.850885272026062,576.0516738891602,True,,,7,580db428205f4d13b797db2879a38e37,2021-10-05_06-20-32,1633404032,4066.7773971557617,1923,crimv3mgpu004,10.141.0.2,4066.7773971557617,0,7,"28_batch_size=16,bidirectional=False,cnn_kernel_size=8,cnn_layers=1,dropout_lin=0.67892,dropout_lstm=0.18693,hidden_dim=8,learning_rate=0.00037979,lstm_layers=2,lstm_output_dim=207,opt_step_size=13",0.0003797881635647818,16,False,2,8,207,0.18693465352199934,0.6789151919403363,13,['main_y'],['main_y'],[],[<class 'torch.nn.modules.loss.BCEWithLogitsLoss'>],[1.0],1,8,tsfresh,20min_centered
3d10d_00029,0.3349829912185669,0.6476354598999023,0.8656810522079468,0.8766218423843384,0.9480764269828796,0.8602423667907715,86.30292439460754,True,,,20,6b2ba1824d354032abcfad1de2db38d9,2021-10-05_06-49-02,1633405742,1699.0132446289062,1939,crimv3mgpu004,10.141.0.2,1699.0132446289062,0,20,"29_batch_size=512,bidirectional=True,cnn_kernel_size=8,cnn_layers=1,dropout_lin=0.1596,dropout_lstm=0.50553,hidden_dim=8,learning_rate=0.00015236,lstm_layers=1,lstm_output_dim=201,opt_step_size=8",0.00015235879726615406,512,True,1,8,201,0.5055328772288141,0.1596040654864943,8,['main_y'],['main_y'],[],[<class 'torch.nn.modules.loss.BCEWithLogitsLoss'>],[1.0],1,8,tsfresh,20min_centered
3d10d_00030,0.37074413895606995,0.6064325571060181,0.8491041660308838,0.8741034865379333,0.9250950217247009,0.844959020614624,105.19352555274963,True,,,20,336b273709cb4708b5cb8b57814b00a1,2021-10-05_07-24-55,1633407895,2146.3176522254944,1901,crimv3mgpu004,10.141.0.2,2146.3176522254944,0,20,"30_batch_size=128,bidirectional=False,cnn_kernel_size=3,cnn_layers=1,dropout_lin=0.38819,dropout_lstm=0.43384,hidden_dim=32,learning_rate=1.6114e-06,lstm_layers=1,lstm_output_dim=77,opt_step_size=15",1.6113841786117858e-06,128,False,1,32,77,0.4338424803767713,0.3881909078724386,15,['main_y'],['main_y'],[],[<class 'torch.nn.modules.loss.BCEWithLogitsLoss'>],[1.0],1,3,tsfresh,20min_centered
3d10d_00031,0.33943334221839905,0.6399727463722229,0.8632047176361084,0.8734320402145386,0.9488345384597778,0.857247531414032,195.10269904136658,True,,,20,68f4755ebe504248aa4bb1aa73aec99f,2021-10-05_08-30-06,1633411806,3899.6483228206635,1934,crimv3mgpu004,10.141.0.2,3899.6483228206635,0,20,"31_batch_size=64,bidirectional=True,cnn_kernel_size=10,cnn_layers=1,dropout_lin=0.4959,dropout_lstm=0.86337,hidden_dim=32,learning_rate=6.8282e-06,lstm_layers=1,lstm_output_dim=219,opt_step_size=9",6.8281609587537265e-06,64,True,1,32,219,0.8633724446282602,0.49589767694853015,9,['main_y'],['main_y'],[],[<class 'torch.nn.modules.loss.BCEWithLogitsLoss'>],[1.0],1,10,tsfresh,20min_centered
3d10d_00032,0.344598650932312,0.6468794941902161,0.8643897771835327,0.8802691102027893,0.9404560923576355,0.8599733710289001,120.61681842803955,True,,,13,bc421e6448f8498fa83a5caf33ec4024,2021-10-05_08-57-37,1633413457,1640.7122309207916,1913,crimv3mgpu004,10.141.0.2,1640.7122309207916,0,13,"32_batch_size=1024,bidirectional=False,cnn_kernel_size=6,cnn_layers=3,dropout_lin=0.35272,dropout_lstm=0.49517,hidden_dim=128,learning_rate=0.0001391,lstm_layers=1,lstm_output_dim=173,opt_step_size=18",0.00013909752752561748,1024,False,1,128,173,0.4951686927903556,0.35272295841899837,18,['main_y'],['main_y'],[],[<class 'torch.nn.modules.loss.BCEWithLogitsLoss'>],[1.0],3,6,tsfresh,20min_centered
3d10d_00033,0.34125620126724243,0.648932933807373,0.8651189804077148,0.8805848360061646,0.9411280751228333,0.8607040643692017,73.90998888015747,True,,,17,94d5c28b2fc84303a2eb0c1e4a6914ae,2021-10-05_09-19-25,1633414765,1300.9639992713928,1919,crimv3mgpu004,10.141.0.2,1300.9639992713928,0,17,"33_batch_size=2048,bidirectional=False,cnn_kernel_size=6,cnn_layers=1,dropout_lin=0.014674,dropout_lstm=0.65997,hidden_dim=32,learning_rate=0.0022168,lstm_layers=2,lstm_output_dim=201,opt_step_size=18",0.002216821688653386,2048,False,2,32,201,0.6599742159947155,0.01467406017329298,18,['main_y'],['main_y'],[],[<class 'torch.nn.modules.loss.BCEWithLogitsLoss'>],[1.0],1,6,tsfresh,20min_centered
3d10d_00034,0.5310493111610413,0.6202893853187561,0.8550958633422852,0.8695972561836243,0.940710723400116,0.8492744565010071,99.58868098258972,True,,,20,2d4c389776b943108adf2e94249d19b8,2021-10-05_09-52-56,1633416776,2005.1391763687134,1920,crimv3mgpu004,10.141.0.2,2005.1391763687134,0,20,"34_batch_size=2048,bidirectional=True,cnn_kernel_size=3,cnn_layers=2,dropout_lin=0.4085,dropout_lstm=0.73647,hidden_dim=64,learning_rate=9.7477e-06,lstm_layers=1,lstm_output_dim=245,opt_step_size=1",9.747688132746072e-06,2048,True,1,64,245,0.7364710201301731,0.408498551910388,1,['main_y'],['main_y'],[],[<class 'torch.nn.modules.loss.BCEWithLogitsLoss'>],[1.0],2,3,tsfresh,20min_centered
3d10d_00035,0.5803579092025757,0.0,0.723404049873352,0.723404049873352,1.0,0.6073020696640015,76.59901309013367,True,,,20,b9055bbdf1104355a5a705ab2945a59a,2021-10-05_10-20-51,1633418451,1667.278799533844,1914,crimv3mgpu004,10.141.0.2,1667.278799533844,0,20,"35_batch_size=1024,bidirectional=False,cnn_kernel_size=2,cnn_layers=2,dropout_lin=0.9709,dropout_lstm=0.15226,hidden_dim=32,learning_rate=5.4546e-05,lstm_layers=2,lstm_output_dim=67,opt_step_size=12",5.454627137594563e-05,1024,False,2,32,67,0.15226082288525622,0.9708999375546052,12,['main_y'],['main_y'],[],[<class 'torch.nn.modules.loss.BCEWithLogitsLoss'>],[1.0],2,2,tsfresh,20min_centered
3d10d_00036,0.427251398563385,0.4890817105770111,0.8087338805198669,0.7921571731567383,0.9978727698326111,0.7700825333595276,111.77348804473877,True,,,10,6b965e0082fe44fbbc1955ce0d019ec0,2021-10-05_10-41-17,1633419677,1219.6271014213562,1924,crimv3mgpu004,10.141.0.2,1219.6271014213562,0,10,"36_batch_size=256,bidirectional=False,cnn_kernel_size=2,cnn_layers=3,dropout_lin=0.86143,dropout_lstm=0.52957,hidden_dim=64,learning_rate=0.00067072,lstm_layers=1,lstm_output_dim=233,opt_step_size=14",0.0006707178886432419,256,False,1,64,233,0.5295691531671063,0.8614325628795291,14,['main_y'],['main_y'],[],[<class 'torch.nn.modules.loss.BCEWithLogitsLoss'>],[1.0],3,2,tsfresh,20min_centered
3d10d_00037,0.5887317657470703,0.0,0.7246444225311279,0.7246444225311279,1.0,0.6089481711387634,284.84613060951233,True,,,14,78368443f93b4805b0e5c499f3ec760e,2021-10-05_11-46-57,1633423617,3934.0347328186035,1936,crimv3mgpu004,10.141.0.2,3934.0347328186035,0,14,"37_batch_size=512,bidirectional=True,cnn_kernel_size=7,cnn_layers=2,dropout_lin=0.93628,dropout_lstm=0.77074,hidden_dim=128,learning_rate=0.031527,lstm_layers=2,lstm_output_dim=236,opt_step_size=5",0.031527248057328074,512,True,2,128,236,0.7707385167335968,0.9362758152062451,5,['main_y'],['main_y'],[],[<class 'torch.nn.modules.loss.BCEWithLogitsLoss'>],[1.0],2,7,tsfresh,20min_centered
3d10d_00038,0.5217446088790894,0.0,0.7246444225311279,0.7246444225311279,1.0,0.6089481711387634,80.07866406440735,True,,,6,3eabc57679494a468f54a7d9bd13062c,2021-10-05_11-56-26,1633424186,558.3067150115967,1917,crimv3mgpu004,10.141.0.2,558.3067150115967,0,6,"38_batch_size=512,bidirectional=True,cnn_kernel_size=4,cnn_layers=2,dropout_lin=0.86394,dropout_lstm=0.84262,hidden_dim=8,learning_rate=0.0034357,lstm_layers=2,lstm_output_dim=225,opt_step_size=3",0.0034357137009015924,512,True,2,8,225,0.842616127436726,0.863941458558272,3,['main_y'],['main_y'],[],[<class 'torch.nn.modules.loss.BCEWithLogitsLoss'>],[1.0],2,4,tsfresh,20min_centered
3d10d_00039,0.5888469815254211,0.0,0.7246444225311279,0.7246444225311279,1.0,0.6089481711387634,165.22274231910706,True,,,13,3035722a7c074ab88955d46fd8c0a797,2021-10-05_12-29-26,1633426166,1973.258220911026,1922,crimv3mgpu004,10.141.0.2,1973.258220911026,0,13,"39_batch_size=512,bidirectional=False,cnn_kernel_size=4,cnn_layers=2,dropout_lin=0.9285,dropout_lstm=0.50462,hidden_dim=128,learning_rate=0.0025,lstm_layers=2,lstm_output_dim=30,opt_step_size=6",0.0024999752378014016,512,False,2,128,30,0.5046175914270465,0.9285007763384865,6,['main_y'],['main_y'],[],[<class 'torch.nn.modules.loss.BCEWithLogitsLoss'>],[1.0],2,4,tsfresh,20min_centered
3d10d_00040,0.6427130103111267,0.0,0.7246444225311279,0.7246444225311279,1.0,0.6089481711387634,75.90516352653503,True,,,20,abca2d7b8686487abf2dbe05b9f42b0a,2021-10-05_12-55-54,1633427754,1582.6727430820465,1903,crimv3mgpu004,10.141.0.2,1582.6727430820465,0,20,"40_batch_size=256,bidirectional=False,cnn_kernel_size=4,cnn_layers=1,dropout_lin=0.35705,dropout_lstm=0.2484,hidden_dim=32,learning_rate=1.4111e-06,lstm_layers=2,lstm_output_dim=11,opt_step_size=19",1.4111016037156227e-06,256,False,2,32,11,0.24840195751410754,0.3570547505828022,19,['main_y'],['main_y'],[],[<class 'torch.nn.modules.loss.BCEWithLogitsLoss'>],[1.0],1,4,tsfresh,20min_centered
3d10d_00041,0.34628987312316895,0.6451534628868103,0.8653146624565125,0.8709794282913208,0.9557803869247437,0.8585318922996521,760.0116128921509,True,,,14,1746d43db4ed4527b76558c5e2688b26,2021-10-05_15-52-22,1633438342,10580.24503493309,1911,crimv3mgpu004,10.141.0.2,10580.24503493309,0,14,"41_batch_size=16,bidirectional=True,cnn_kernel_size=8,cnn_layers=2,dropout_lin=0.55153,dropout_lstm=0.6283,hidden_dim=32,learning_rate=0.00014574,lstm_layers=2,lstm_output_dim=239,opt_step_size=17",0.00014574158665338897,16,True,2,32,239,0.6283002694429084,0.551529229974507,17,['main_y'],['main_y'],[],[<class 'torch.nn.modules.loss.BCEWithLogitsLoss'>],[1.0],2,8,tsfresh,20min_centered
3d10d_00042,0.5610211491584778,0.0,0.724952757358551,0.724952757358551,1.0,0.6093575358390808,130.17853355407715,True,,,15,a88b7a101d5e4bdf87f5a4c189f5c158,2021-10-05_16-25-41,1633440341,1987.3659150600433,1908,crimv3mgpu004,10.141.0.2,1987.3659150600433,0,15,"42_batch_size=128,bidirectional=True,cnn_kernel_size=8,cnn_layers=2,dropout_lin=0.82,dropout_lstm=0.98114,hidden_dim=8,learning_rate=0.0056362,lstm_layers=2,lstm_output_dim=41,opt_step_size=8",0.005636168386567927,128,True,2,8,41,0.9811441179577469,0.8199965727825591,8,['main_y'],['main_y'],[],[<class 'torch.nn.modules.loss.BCEWithLogitsLoss'>],[1.0],2,8,tsfresh,20min_centered
3d10d_00043,0.3711564838886261,0.6011439561843872,0.8496765494346619,0.8592745661735535,0.9478577375411987,0.841548502445221,404.97370886802673,True,,,20,06a39c270288482ca9f93a59d7c052c1,2021-10-05_18-41-27,1633448487,8139.237603187561,1906,crimv3mgpu004,10.141.0.2,8139.237603187561,0,20,"43_batch_size=32,bidirectional=False,cnn_kernel_size=5,cnn_layers=3,dropout_lin=0.50361,dropout_lstm=0.01855,hidden_dim=64,learning_rate=1.528e-06,lstm_layers=2,lstm_output_dim=116,opt_step_size=14",1.528030462320747e-06,32,False,2,64,116,0.018550159051422654,0.5036086584363132,14,['main_y'],['main_y'],[],[<class 'torch.nn.modules.loss.BCEWithLogitsLoss'>],[1.0],3,5,tsfresh,20min_centered
3d10d_00044,0.4877346456050873,0.0,0.7246444225311279,0.7246444225311279,1.0,0.6089481711387634,84.98338294029236,True,,,20,e83c66c9843a465fb23732776171e4b4,2021-10-05_19-11-12,1633450272,1774.1926138401031,1896,crimv3mgpu004,10.141.0.2,1774.1926138401031,0,20,"44_batch_size=256,bidirectional=True,cnn_kernel_size=8,cnn_layers=1,dropout_lin=0.86105,dropout_lstm=0.33726,hidden_dim=32,learning_rate=2.2797e-06,lstm_layers=1,lstm_output_dim=221,opt_step_size=9",2.279746977394016e-06,256,True,1,32,221,0.3372583820409677,0.8610525157544707,9,['main_y'],['main_y'],[],[<class 'torch.nn.modules.loss.BCEWithLogitsLoss'>],[1.0],1,8,tsfresh,20min_centered
3d10d_00045,0.9901432394981384,0.0,0.724952757358551,0.724952757358551,1.0,0.6093575358390808,88.8045015335083,True,,,15,de9d0643f85d41b68ab3945a093e5e73,2021-10-05_19-34-58,1633451698,1419.7330193519592,1932,crimv3mgpu004,10.141.0.2,1419.7330193519592,0,15,"45_batch_size=128,bidirectional=False,cnn_kernel_size=2,cnn_layers=1,dropout_lin=0.11323,dropout_lstm=0.97039,hidden_dim=8,learning_rate=0.0019154,lstm_layers=2,lstm_output_dim=24,opt_step_size=13",0.0019153676673926364,128,False,2,8,24,0.9703859540907649,0.113228715325424,13,['main_y'],['main_y'],[],[<class 'torch.nn.modules.loss.BCEWithLogitsLoss'>],[1.0],1,2,tsfresh,20min_centered
3d10d_00046,0.9787582159042358,0.0,0.724952757358551,0.724952757358551,1.0,0.6093575358390808,103.41522312164307,True,,,6,a0b29b00b9a84953a761c54630954715,2021-10-05_19-46-29,1633452389,685.3356852531433,1918,crimv3mgpu004,10.141.0.2,685.3356852531433,0,6,"46_batch_size=128,bidirectional=True,cnn_kernel_size=6,cnn_layers=1,dropout_lin=0.028879,dropout_lstm=0.95483,hidden_dim=8,learning_rate=0.00037182,lstm_layers=2,lstm_output_dim=14,opt_step_size=11",0.0003718180010800421,128,True,2,8,14,0.9548330692277384,0.028879151750450083,11,['main_y'],['main_y'],[],[<class 'torch.nn.modules.loss.BCEWithLogitsLoss'>],[1.0],1,6,tsfresh,20min_centered
3d10d_00047,0.5885835886001587,0.0,0.7248863577842712,0.7248863577842712,1.0,0.609269380569458,501.00412464141846,True,,,6,be567f0bc6fa4217bac24d09d05c0bf3,2021-10-05_20-36-46,1633455406,3008.983681678772,1895,crimv3mgpu004,10.141.0.2,3008.983681678772,0,6,"47_batch_size=32,bidirectional=True,cnn_kernel_size=8,cnn_layers=1,dropout_lin=0.068819,dropout_lstm=0.47799,hidden_dim=64,learning_rate=0.044356,lstm_layers=1,lstm_output_dim=49,opt_step_size=12",0.044356444586946736,32,True,1,64,49,0.4779858291995164,0.06881901580037442,12,['main_y'],['main_y'],[],[<class 'torch.nn.modules.loss.BCEWithLogitsLoss'>],[1.0],1,8,tsfresh,20min_centered
3d10d_00048,0.37628039717674255,0.5978274345397949,0.8466227650642395,0.8683571219444275,0.9292094111442566,0.8414291143417358,92.95331954956055,True,,,20,8bc92e33b10c4afcbd10d02a74dd1258,2021-10-05_21-09-56,1633457396,1981.5267119407654,127489,crimv3mgpu004,10.141.0.2,1981.5267119407654,0,20,"48_batch_size=256,bidirectional=True,cnn_kernel_size=6,cnn_layers=1,dropout_lin=0.076977,dropout_lstm=0.44443,hidden_dim=32,learning_rate=2.0409e-06,lstm_layers=2,lstm_output_dim=132,opt_step_size=18",2.0409329102509203e-06,256,True,2,32,132,0.4444281885517617,0.07697699658024848,18,['main_y'],['main_y'],[],[<class 'torch.nn.modules.loss.BCEWithLogitsLoss'>],[1.0],1,6,tsfresh,20min_centered
3d10d_00049,0.5893616676330566,0.0,0.7250891923904419,0.7250891923904419,1.0,0.609538733959198,224.78667402267456,True,,,10,0fecb92d59b240079de397494e6baf63,2021-10-05_21-48-19,1633459699,2294.341527700424,148384,crimv3mgpu004,10.141.0.2,2294.341527700424,0,10,"49_batch_size=64,bidirectional=False,cnn_kernel_size=4,cnn_layers=3,dropout_lin=0.65121,dropout_lstm=0.46353,hidden_dim=32,learning_rate=0.02693,lstm_layers=1,lstm_output_dim=15,opt_step_size=7",0.026929935849747212,64,False,1,32,15,0.46353261561106607,0.6512080771498268,7,['main_y'],['main_y'],[],[<class 'torch.nn.modules.loss.BCEWithLogitsLoss'>],[1.0],3,4,tsfresh,20min_centered
