trial_id,loss,mcc_main_y,acc_main_y,prec_main_y,rec_main_y,f1_main_y,MAE_percentage_y,MSE_percentage_y,r2_percentage_y,time_this_iter_s,done,timesteps_total,episodes_total,training_iteration,experiment_id,date,timestamp,time_total_s,pid,hostname,node_ip,time_since_restore,timesteps_since_restore,iterations_since_restore,experiment_tag,config.learning_rate,config.batch_size,config.bidirectional,config.lstm_layers,config.hidden_dim,config.lstm_output_dim,config.dropout_lstm,config.dropout_lin,config.opt_step_size,config.labels,config.classification_tasks,config.regression_tasks,config.loss_fnct,config.weights,config.cnn_layers,config.cnn_kernel_size,config.featset,config.data_path
08763_00000,2.5141749382019043,0.6161099672317505,0.860520601272583,0.8825494050979614,0.9372262358665466,0.8557209372520447,73.35541534423828,6724.49609375,-3.865095853805542,99.87486839294434,True,,,20,b6c1984be2314d988da4dadf3a530665,2021-10-04_18-29-19,1633361359,2060.669638633728,397550,crimv3srv033,10.141.0.15,2060.669638633728,0,20,"0_batch_size=256,bidirectional=False,cnn_kernel_size=3,cnn_layers=3,dropout_lin=0.21047,dropout_lstm=0.61833,hidden_dim=16,learning_rate=0.00020455,lstm_layers=2,lstm_output_dim=40,opt_step_size=14",0.00020455473426169942,256,False,2,16,40,0.6183308364712818,0.21046916467652066,14,"['main_y', 'percentage_y']",['main_y'],['percentage_y'],"[<class 'torch.nn.modules.loss.BCEWithLogitsLoss'>, <class 'torch.nn.modules.loss.L1Loss'>]","[0.9, 0.1]",3,3,tsfresh,40min_centered
08763_00001,3.1593635082244873,0.5790393352508545,0.8495835661888123,0.8667353987693787,0.9428474307060242,0.8417332172393799,73.37127685546875,6727.326171875,-3.870659828186035,233.35920572280884,True,,,20,951986ce2b7c4ba5a266a899a34812ad,2021-10-04_19-52-02,1633366322,4956.743676185608,397533,crimv3srv033,10.141.0.15,4956.743676185608,0,20,"1_batch_size=64,bidirectional=True,cnn_kernel_size=2,cnn_layers=2,dropout_lin=0.31108,dropout_lstm=0.91867,hidden_dim=64,learning_rate=1.373e-06,lstm_layers=1,lstm_output_dim=237,opt_step_size=2",1.372973113238289e-06,64,True,1,64,237,0.9186731881714195,0.3110793355614748,2,"['main_y', 'percentage_y']",['main_y'],['percentage_y'],"[<class 'torch.nn.modules.loss.BCEWithLogitsLoss'>, <class 'torch.nn.modules.loss.L1Loss'>]","[0.9, 0.1]",2,2,tsfresh,40min_centered
08763_00002,3.1016266345977783,0.0,0.7440650463104248,0.7440650463104248,1.0,0.6348763108253479,73.37128448486328,6725.79833984375,-3.869826316833496,2516.323198080063,True,,,8,90d573084f284d53995b467054690e24,2021-10-05_01-28-10,1633386490,20160.484439373016,397538,crimv3srv033,10.141.0.15,20160.484439373016,0,8,"2_batch_size=16,bidirectional=True,cnn_kernel_size=2,cnn_layers=1,dropout_lin=0.53213,dropout_lstm=0.65937,hidden_dim=128,learning_rate=0.018466,lstm_layers=2,lstm_output_dim=194,opt_step_size=9",0.01846583639880011,16,True,2,128,194,0.6593733482775332,0.5321261425520112,9,"['main_y', 'percentage_y']",['main_y'],['percentage_y'],"[<class 'torch.nn.modules.loss.BCEWithLogitsLoss'>, <class 'torch.nn.modules.loss.L1Loss'>]","[0.9, 0.1]",1,2,tsfresh,40min_centered
08763_00003,3.315135955810547,0.5458729267120361,0.8408297300338745,0.8447645902633667,0.9629896283149719,0.8257330656051636,73.35541534423828,6724.49609375,-3.865095853805542,69.12563705444336,True,,,20,0fb1bc8a950f4485b0b4e6506d12b91d,2021-10-05_01-52-36,1633387956,1455.23073720932,397543,crimv3srv033,10.141.0.15,1455.23073720932,0,20,"3_batch_size=2048,bidirectional=False,cnn_kernel_size=4,cnn_layers=3,dropout_lin=0.31794,dropout_lstm=0.28734,hidden_dim=32,learning_rate=2.847e-05,lstm_layers=1,lstm_output_dim=13,opt_step_size=4",2.847040866205451e-05,2048,False,1,32,13,0.28733841976674424,0.3179377513715066,4,"['main_y', 'percentage_y']",['main_y'],['percentage_y'],"[<class 'torch.nn.modules.loss.BCEWithLogitsLoss'>, <class 'torch.nn.modules.loss.L1Loss'>]","[0.9, 0.1]",3,4,tsfresh,40min_centered
08763_00004,3.1005306243896484,0.0,0.7441945672035217,0.7441945672035217,1.0,0.6350501775741577,73.38082122802734,6727.2587890625,-3.8706109523773193,290.4595205783844,True,,,11,d7be7b58b20e4f1bbd525ac655342247,2021-10-05_02-44-30,1633391070,3104.689113378525,397541,crimv3srv033,10.141.0.15,3104.689113378525,0,11,"4_batch_size=64,bidirectional=True,cnn_kernel_size=8,cnn_layers=2,dropout_lin=0.95329,dropout_lstm=0.72364,hidden_dim=32,learning_rate=0.054334,lstm_layers=2,lstm_output_dim=159,opt_step_size=13",0.05433447176060811,64,True,2,32,159,0.7236446753690372,0.9532930969929279,13,"['main_y', 'percentage_y']",['main_y'],['percentage_y'],"[<class 'torch.nn.modules.loss.BCEWithLogitsLoss'>, <class 'torch.nn.modules.loss.L1Loss'>]","[0.9, 0.1]",2,8,tsfresh,40min_centered
08763_00005,3.103961706161499,0.0,0.7438870668411255,0.7438870668411255,1.0,0.6346374154090881,73.35541534423828,6724.49609375,-3.865095853805542,79.6691346168518,True,,,11,c8756078e43e49f390db8443f17b4f51,2021-10-05_03-00-00,1633392000,919.036928653717,397535,crimv3srv033,10.141.0.15,919.036928653717,0,11,"5_batch_size=512,bidirectional=True,cnn_kernel_size=3,cnn_layers=2,dropout_lin=0.71029,dropout_lstm=0.080157,hidden_dim=16,learning_rate=0.099506,lstm_layers=2,lstm_output_dim=230,opt_step_size=19",0.09950636490144799,512,True,2,16,230,0.08015675946518908,0.7102901894996562,19,"['main_y', 'percentage_y']",['main_y'],['percentage_y'],"[<class 'torch.nn.modules.loss.BCEWithLogitsLoss'>, <class 'torch.nn.modules.loss.L1Loss'>]","[0.9, 0.1]",2,3,tsfresh,40min_centered
08763_00006,7.989395618438721,0.0,0.7438870668411255,0.7438870668411255,1.0,0.6346374154090881,73.35541534423828,6724.49609375,-3.865095853805542,64.6407585144043,True,,,20,195e1ca5c2aa4d5c8fc2fe9ce01bd7a2,2021-10-05_03-22-35,1633393355,1347.4326057434082,397549,crimv3srv033,10.141.0.15,1347.4326057434082,0,20,"6_batch_size=1024,bidirectional=False,cnn_kernel_size=8,cnn_layers=2,dropout_lin=0.65892,dropout_lstm=0.41856,hidden_dim=8,learning_rate=3.4886e-06,lstm_layers=2,lstm_output_dim=99,opt_step_size=6",3.4886385571451746e-06,1024,False,2,8,99,0.4185593016243938,0.6589221038327019,6,"['main_y', 'percentage_y']",['main_y'],['percentage_y'],"[<class 'torch.nn.modules.loss.BCEWithLogitsLoss'>, <class 'torch.nn.modules.loss.L1Loss'>]","[0.9, 0.1]",2,8,tsfresh,40min_centered
08763_00007,2.3449320793151855,0.6451759934425354,0.8707181215286255,0.889772891998291,0.9430328011512756,0.8664423823356628,73.35541534423828,6724.49609375,-3.865095853805542,77.04649305343628,True,,,20,39578e77b7e540b2a0b5757f346f4df5,2021-10-05_03-48-48,1633394928,1565.6756067276,397546,crimv3srv033,10.141.0.15,1565.6756067276,0,20,"7_batch_size=512,bidirectional=False,cnn_kernel_size=5,cnn_layers=2,dropout_lin=0.33471,dropout_lstm=0.2901,hidden_dim=32,learning_rate=0.0015676,lstm_layers=1,lstm_output_dim=197,opt_step_size=13",0.001567582838982005,512,False,1,32,197,0.2900992922517355,0.33470572053066994,13,"['main_y', 'percentage_y']",['main_y'],['percentage_y'],"[<class 'torch.nn.modules.loss.BCEWithLogitsLoss'>, <class 'torch.nn.modules.loss.L1Loss'>]","[0.9, 0.1]",2,5,tsfresh,40min_centered
08763_00008,2.1586320400238037,0.44184431433677673,0.8083558082580566,0.7971355319023132,0.9958794713020325,0.7645087242126465,73.37128448486328,6725.79833984375,-3.869826316833496,1153.1502513885498,True,,,17,35fc0835f887460ba1ca0564e2623607,2021-10-05_08-58-42,1633413522,18585.915581703186,397528,crimv3srv033,10.141.0.15,18585.915581703186,0,17,"8_batch_size=16,bidirectional=True,cnn_kernel_size=10,cnn_layers=1,dropout_lin=0.79486,dropout_lstm=0.34811,hidden_dim=128,learning_rate=0.00042996,lstm_layers=1,lstm_output_dim=227,opt_step_size=13",0.0004299648668118107,16,True,1,128,227,0.34810627705211983,0.7948636382569911,13,"['main_y', 'percentage_y']",['main_y'],['percentage_y'],"[<class 'torch.nn.modules.loss.BCEWithLogitsLoss'>, <class 'torch.nn.modules.loss.L1Loss'>]","[0.9, 0.1]",1,10,tsfresh,40min_centered
08763_00009,2.004105806350708,0.5299549102783203,0.8356585502624512,0.8285003900527954,0.9825098514556885,0.8122217059135437,73.37128448486328,6725.79833984375,-3.869826316833496,666.4950804710388,True,,,10,f31f24023d3b47299fc0e248e4023a9c,2021-10-05_10-52-52,1633420372,6840.107082128525,397539,crimv3srv033,10.141.0.15,6840.107082128525,0,10,"9_batch_size=16,bidirectional=False,cnn_kernel_size=3,cnn_layers=3,dropout_lin=0.35278,dropout_lstm=0.25116,hidden_dim=32,learning_rate=0.0062018,lstm_layers=1,lstm_output_dim=230,opt_step_size=7",0.0062018453678895115,16,False,1,32,230,0.2511599127609152,0.3527814131522611,7,"['main_y', 'percentage_y']",['main_y'],['percentage_y'],"[<class 'torch.nn.modules.loss.BCEWithLogitsLoss'>, <class 'torch.nn.modules.loss.L1Loss'>]","[0.9, 0.1]",3,3,tsfresh,40min_centered
08763_00010,2.621663808822632,0.6282394528388977,0.8655086755752563,0.8828067183494568,0.9446873664855957,0.8601507544517517,73.38082122802734,6727.2587890625,-3.8706109523773193,239.04589223861694,True,,,20,e44e0a1849714a0da0abd9c5740b1e3d,2021-10-05_12-14-03,1633425243,4860.418933868408,397529,crimv3srv033,10.141.0.15,4860.418933868408,0,20,"10_batch_size=64,bidirectional=False,cnn_kernel_size=5,cnn_layers=3,dropout_lin=0.47492,dropout_lstm=0.086291,hidden_dim=64,learning_rate=5.4895e-05,lstm_layers=2,lstm_output_dim=16,opt_step_size=3",5.489543162021885e-05,64,False,2,64,16,0.08629096819431747,0.4749190354404196,3,"['main_y', 'percentage_y']",['main_y'],['percentage_y'],"[<class 'torch.nn.modules.loss.BCEWithLogitsLoss'>, <class 'torch.nn.modules.loss.L1Loss'>]","[0.9, 0.1]",3,5,tsfresh,40min_centered
08763_00011,2.3082776069641113,0.6467458605766296,0.8711313009262085,0.8908355236053467,0.94222491979599,0.867046058177948,73.35541534423828,6724.49609375,-3.865095853805542,63.225098609924316,True,,,20,9d9131670f3f4bfd8734040bd6bd4386,2021-10-05_12-36-22,1633426582,1330.4933018684387,397526,crimv3srv033,10.141.0.15,1330.4933018684387,0,20,"11_batch_size=2048,bidirectional=True,cnn_kernel_size=8,cnn_layers=2,dropout_lin=0.22645,dropout_lstm=0.31617,hidden_dim=16,learning_rate=0.0020181,lstm_layers=1,lstm_output_dim=125,opt_step_size=19",0.0020180948282372225,2048,True,1,16,125,0.3161689831661233,0.22644822476224769,19,"['main_y', 'percentage_y']",['main_y'],['percentage_y'],"[<class 'torch.nn.modules.loss.BCEWithLogitsLoss'>, <class 'torch.nn.modules.loss.L1Loss'>]","[0.9, 0.1]",2,8,tsfresh,40min_centered
08763_00012,6.533819198608398,0.5112983584403992,0.7759070992469788,0.9178946614265442,0.7673975229263306,0.7874498963356018,73.35541534423828,6724.49609375,-3.865095853805542,93.98990488052368,True,,,20,73899de18a6849efa29009221cadbaa3,2021-10-05_13-09-05,1633428545,1956.9577429294586,397544,crimv3srv033,10.141.0.15,1956.9577429294586,0,20,"12_batch_size=2048,bidirectional=True,cnn_kernel_size=4,cnn_layers=3,dropout_lin=0.84698,dropout_lstm=0.79934,hidden_dim=64,learning_rate=1.1938e-05,lstm_layers=1,lstm_output_dim=161,opt_step_size=13",1.19377469211726e-05,2048,True,1,64,161,0.7993448931597059,0.8469794814709841,13,"['main_y', 'percentage_y']",['main_y'],['percentage_y'],"[<class 'torch.nn.modules.loss.BCEWithLogitsLoss'>, <class 'torch.nn.modules.loss.L1Loss'>]","[0.9, 0.1]",3,4,tsfresh,40min_centered
08763_00013,2.5795114040374756,0.6385583877563477,0.8697227835655212,0.8803534507751465,0.9546080231666565,0.863265872001648,73.35541534423828,6724.49609375,-3.865095853805542,75.26531052589417,True,,,20,599742c52e9f409d84e26008e5dabd3a,2021-10-05_13-35-38,1633430138,1586.0744013786316,397542,crimv3srv033,10.141.0.15,1586.0744013786316,0,20,"13_batch_size=2048,bidirectional=False,cnn_kernel_size=7,cnn_layers=2,dropout_lin=0.39092,dropout_lstm=0.57535,hidden_dim=64,learning_rate=0.005481,lstm_layers=2,lstm_output_dim=148,opt_step_size=19",0.005481017947713589,2048,False,2,64,148,0.5753481671445472,0.39092441935044564,19,"['main_y', 'percentage_y']",['main_y'],['percentage_y'],"[<class 'torch.nn.modules.loss.BCEWithLogitsLoss'>, <class 'torch.nn.modules.loss.L1Loss'>]","[0.9, 0.1]",2,7,tsfresh,40min_centered
08763_00014,2.4304935932159424,0.6460635662078857,0.8713942170143127,0.888121485710144,0.9463273882865906,0.8666704297065735,73.35541534423828,6724.49609375,-3.865095853805542,99.29015636444092,True,,,10,2597cea1694d4b5280395698dee4ca89,2021-10-05_13-53-53,1633431233,1088.4808206558228,397534,crimv3srv033,10.141.0.15,1088.4808206558228,0,10,"14_batch_size=1024,bidirectional=False,cnn_kernel_size=3,cnn_layers=2,dropout_lin=0.16569,dropout_lstm=0.11594,hidden_dim=128,learning_rate=0.00040169,lstm_layers=2,lstm_output_dim=51,opt_step_size=16",0.0004016879264962851,1024,False,2,128,51,0.11594143580359828,0.16569099771381945,16,"['main_y', 'percentage_y']",['main_y'],['percentage_y'],"[<class 'torch.nn.modules.loss.BCEWithLogitsLoss'>, <class 'torch.nn.modules.loss.L1Loss'>]","[0.9, 0.1]",2,3,tsfresh,40min_centered
08763_00015,2.9578211307525635,0.0,0.7440650463104248,0.7440650463104248,1.0,0.6348763108253479,73.37128448486328,6725.79833984375,-3.869826316833496,701.361330986023,True,,,7,7ff05c48db4f4df0b2fe2597b7f97db5,2021-10-05_15-14-13,1633436053,4814.030740976334,397512,crimv3srv033,10.141.0.15,4814.030740976334,0,7,"15_batch_size=16,bidirectional=True,cnn_kernel_size=3,cnn_layers=2,dropout_lin=0.93272,dropout_lstm=0.72734,hidden_dim=8,learning_rate=0.0085358,lstm_layers=2,lstm_output_dim=174,opt_step_size=10",0.008535794103811856,16,True,2,8,174,0.727340982101307,0.9327182811085467,10,"['main_y', 'percentage_y']",['main_y'],['percentage_y'],"[<class 'torch.nn.modules.loss.BCEWithLogitsLoss'>, <class 'torch.nn.modules.loss.L1Loss'>]","[0.9, 0.1]",2,3,tsfresh,40min_centered
08763_00016,2.8349099159240723,0.0,0.7440650463104248,0.7440650463104248,1.0,0.6348763108253479,73.37128448486328,6725.79833984375,-3.869826316833496,583.5326766967773,True,,,20,d58a31f4afd6427caf42adb801412aee,2021-10-05_18-34-28,1633448068,12007.884911775589,397521,crimv3srv033,10.141.0.15,12007.884911775589,0,20,"16_batch_size=16,bidirectional=True,cnn_kernel_size=6,cnn_layers=1,dropout_lin=0.92815,dropout_lstm=0.21643,hidden_dim=8,learning_rate=0.00010171,lstm_layers=2,lstm_output_dim=84,opt_step_size=7",0.00010170507600071919,16,True,2,8,84,0.21643233145948793,0.9281450752512853,7,"['main_y', 'percentage_y']",['main_y'],['percentage_y'],"[<class 'torch.nn.modules.loss.BCEWithLogitsLoss'>, <class 'torch.nn.modules.loss.L1Loss'>]","[0.9, 0.1]",1,6,tsfresh,40min_centered
08763_00017,2.319957971572876,0.0,0.7438870668411255,0.7438870668411255,1.0,0.6346374154090881,73.35541534423828,6724.49609375,-3.865095853805542,68.97420310974121,True,,,20,497f4696baa54b97b3821bce29ea7485,2021-10-05_18-58-48,1633449528,1450.747982263565,397527,crimv3srv033,10.141.0.15,1450.747982263565,0,20,"17_batch_size=256,bidirectional=True,cnn_kernel_size=8,cnn_layers=1,dropout_lin=0.84615,dropout_lstm=0.73303,hidden_dim=16,learning_rate=0.0056229,lstm_layers=1,lstm_output_dim=169,opt_step_size=17",0.005622895455949431,256,True,1,16,169,0.7330337775107659,0.8461481178398418,17,"['main_y', 'percentage_y']",['main_y'],['percentage_y'],"[<class 'torch.nn.modules.loss.BCEWithLogitsLoss'>, <class 'torch.nn.modules.loss.L1Loss'>]","[0.9, 0.1]",1,8,tsfresh,40min_centered
08763_00018,3.1019208431243896,0.0,0.7440650463104248,0.7440650463104248,1.0,0.6348763108253479,73.37128448486328,6725.79833984375,-3.869826316833496,645.6670770645142,True,,,8,dcb751a7706d4e0db87659aac323cf92,2021-10-05_20-26-18,1633454778,5243.052192211151,397519,crimv3srv033,10.141.0.15,5243.052192211151,0,8,"18_batch_size=16,bidirectional=False,cnn_kernel_size=3,cnn_layers=3,dropout_lin=0.10073,dropout_lstm=0.82068,hidden_dim=16,learning_rate=0.026358,lstm_layers=2,lstm_output_dim=159,opt_step_size=8",0.026358092037667633,16,False,2,16,159,0.8206848784009714,0.10072543171869541,8,"['main_y', 'percentage_y']",['main_y'],['percentage_y'],"[<class 'torch.nn.modules.loss.BCEWithLogitsLoss'>, <class 'torch.nn.modules.loss.L1Loss'>]","[0.9, 0.1]",3,3,tsfresh,40min_centered
08763_00019,7.905440330505371,0.0,0.7438870668411255,0.7438870668411255,1.0,0.6346374154090881,74.09107208251953,6871.67822265625,-3.9715805053710938,79.82720899581909,True,,,20,18267012205b4508a904de52652d2c9c,2021-10-05_20-55-42,1633456542,1757.8784697055817,397524,crimv3srv033,10.141.0.15,1757.8784697055817,0,20,"19_batch_size=1024,bidirectional=True,cnn_kernel_size=6,cnn_layers=1,dropout_lin=0.042703,dropout_lstm=0.08711,hidden_dim=64,learning_rate=1.0567e-06,lstm_layers=2,lstm_output_dim=23,opt_step_size=17",1.0566787697182938e-06,1024,True,2,64,23,0.08710970702316989,0.04270340961518304,17,"['main_y', 'percentage_y']",['main_y'],['percentage_y'],"[<class 'torch.nn.modules.loss.BCEWithLogitsLoss'>, <class 'torch.nn.modules.loss.L1Loss'>]","[0.9, 0.1]",1,6,tsfresh,40min_centered
08763_00020,1.8390328884124756,0.6244636178016663,0.8635391592979431,0.8848606944084167,0.938789427280426,0.8589196801185608,73.3694076538086,6727.47802734375,-3.870769739151001,105.87556409835815,True,,,20,87ee80a014f24271a0b6c2bf9142acf8,2021-10-05_21-29-28,1633458568,2017.5267961025238,397513,crimv3srv033,10.141.0.15,2017.5267961025238,0,20,"20_batch_size=128,bidirectional=False,cnn_kernel_size=8,cnn_layers=1,dropout_lin=0.04074,dropout_lstm=0.57799,hidden_dim=32,learning_rate=8.6672e-06,lstm_layers=1,lstm_output_dim=148,opt_step_size=1",8.667172777057425e-06,128,False,1,32,148,0.5779874376675542,0.04073963875593478,1,"['main_y', 'percentage_y']",['main_y'],['percentage_y'],"[<class 'torch.nn.modules.loss.BCEWithLogitsLoss'>, <class 'torch.nn.modules.loss.L1Loss'>]","[0.9, 0.1]",1,8,tsfresh,40min_centered
08763_00021,1.9589084386825562,0.5820894241333008,0.8453912734985352,0.883560299873352,0.9125005006790161,0.8427695035934448,73.35772705078125,6731.2021484375,-3.8734660148620605,130.86188387870789,True,,,6,0ada68a3fc14403a91697eac537f9ef7,2021-10-05_21-43-37,1633459417,843.1205627918243,397522,crimv3srv033,10.141.0.15,843.1205627918243,0,6,"21_batch_size=128,bidirectional=True,cnn_kernel_size=7,cnn_layers=2,dropout_lin=0.029701,dropout_lstm=0.13507,hidden_dim=16,learning_rate=0.04251,lstm_layers=1,lstm_output_dim=92,opt_step_size=12",0.04250974964319502,128,True,1,16,92,0.13507104634074873,0.029700867014366472,12,"['main_y', 'percentage_y']",['main_y'],['percentage_y'],"[<class 'torch.nn.modules.loss.BCEWithLogitsLoss'>, <class 'torch.nn.modules.loss.L1Loss'>]","[0.9, 0.1]",2,7,tsfresh,40min_centered
08763_00022,4.737672328948975,0.5230568051338196,0.8336772322654724,0.8266932368278503,0.9824698567390442,0.8094364404678345,73.38082122802734,6727.2587890625,-3.8706109523773193,185.3986780643463,True,,,20,597a0b98d617461281a13113c4cd97a4,2021-10-05_22-47-25,1633463245,3820.759407043457,397516,crimv3srv033,10.141.0.15,3820.759407043457,0,20,"22_batch_size=64,bidirectional=False,cnn_kernel_size=10,cnn_layers=1,dropout_lin=0.83415,dropout_lstm=0.38851,hidden_dim=64,learning_rate=6.3492e-06,lstm_layers=2,lstm_output_dim=83,opt_step_size=16",6.3491541709696195e-06,64,False,2,64,83,0.38850655203031714,0.8341531758133379,16,"['main_y', 'percentage_y']",['main_y'],['percentage_y'],"[<class 'torch.nn.modules.loss.BCEWithLogitsLoss'>, <class 'torch.nn.modules.loss.L1Loss'>]","[0.9, 0.1]",1,10,tsfresh,40min_centered
08763_00023,3.6594653129577637,0.0,0.7438870668411255,0.7438870668411255,1.0,0.6346374154090881,73.35541534423828,6724.49609375,-3.865095853805542,84.18981909751892,True,,,15,4d8cbce6314b4d609a0363b21d112cfc,2021-10-05_23-09-21,1633464561,1305.3409202098846,397517,crimv3srv033,10.141.0.15,1305.3409202098846,0,15,"23_batch_size=2048,bidirectional=False,cnn_kernel_size=7,cnn_layers=3,dropout_lin=0.69973,dropout_lstm=0.93189,hidden_dim=32,learning_rate=0.0011899,lstm_layers=2,lstm_output_dim=247,opt_step_size=8",0.0011898628564921065,2048,False,2,32,247,0.9318949970683305,0.6997251192036553,8,"['main_y', 'percentage_y']",['main_y'],['percentage_y'],"[<class 'torch.nn.modules.loss.BCEWithLogitsLoss'>, <class 'torch.nn.modules.loss.L1Loss'>]","[0.9, 0.1]",3,7,tsfresh,40min_centered
08763_00024,3.2456130981445312,0.6119754910469055,0.8611194491386414,0.8720328211784363,0.9532697200775146,0.8533251881599426,73.38082122802734,6727.2587890625,-3.8706109523773193,176.3290867805481,True,,,20,c8eb894c260f49018fa72cf42d66abc4,2021-10-06_00-12-34,1633468354,3786.931839942932,397515,crimv3srv033,10.141.0.15,3786.931839942932,0,20,"24_batch_size=64,bidirectional=False,cnn_kernel_size=6,cnn_layers=2,dropout_lin=0.41489,dropout_lstm=0.69419,hidden_dim=16,learning_rate=4.3316e-05,lstm_layers=2,lstm_output_dim=134,opt_step_size=18",4.331620351417942e-05,64,False,2,16,134,0.6941916685491758,0.4148890141338417,18,"['main_y', 'percentage_y']",['main_y'],['percentage_y'],"[<class 'torch.nn.modules.loss.BCEWithLogitsLoss'>, <class 'torch.nn.modules.loss.L1Loss'>]","[0.9, 0.1]",2,6,tsfresh,40min_centered
08763_00025,3.999889850616455,0.541374683380127,0.8382474184036255,0.8520402908325195,0.9470090270042419,0.8268969655036926,73.35541534423828,6724.49609375,-3.865095853805542,103.54122471809387,True,,,20,1d940cb888114dd384c18f68a2ede010,2021-10-06_00-47-58,1633470478,2112.3579511642456,397511,crimv3srv033,10.141.0.15,2112.3579511642456,0,20,"25_batch_size=256,bidirectional=False,cnn_kernel_size=4,cnn_layers=3,dropout_lin=0.66611,dropout_lstm=0.87778,hidden_dim=32,learning_rate=1.2373e-05,lstm_layers=2,lstm_output_dim=45,opt_step_size=4",1.23729991845479e-05,256,False,2,32,45,0.8777830406689772,0.6661140097932174,4,"['main_y', 'percentage_y']",['main_y'],['percentage_y'],"[<class 'torch.nn.modules.loss.BCEWithLogitsLoss'>, <class 'torch.nn.modules.loss.L1Loss'>]","[0.9, 0.1]",3,4,tsfresh,40min_centered
08763_00026,1.6915717124938965,0.6451637148857117,0.8712579011917114,0.8876718878746033,0.9468172192573547,0.8664247989654541,73.34284210205078,6730.1279296875,-3.8726882934570312,99.29152178764343,True,,,10,8e67af5e3d744b8b92aa433b31c90f64,2021-10-06_01-05-41,1633471541,1052.4620537757874,397514,crimv3srv033,10.141.0.15,1052.4620537757874,0,10,"26_batch_size=128,bidirectional=True,cnn_kernel_size=7,cnn_layers=1,dropout_lin=0.021541,dropout_lstm=0.0016555,hidden_dim=8,learning_rate=0.00092583,lstm_layers=2,lstm_output_dim=150,opt_step_size=15",0.0009258270023229579,128,True,2,8,150,0.001655481392187852,0.021541336882934137,15,"['main_y', 'percentage_y']",['main_y'],['percentage_y'],"[<class 'torch.nn.modules.loss.BCEWithLogitsLoss'>, <class 'torch.nn.modules.loss.L1Loss'>]","[0.9, 0.1]",1,7,tsfresh,40min_centered
08763_00027,3.0289628505706787,0.0,0.7440650463104248,0.7440650463104248,1.0,0.6348763108253479,73.37128448486328,6725.79833984375,-3.869826316833496,881.6009700298309,True,,,6,f138f76fc9454721a35f42273933d4e9,2021-10-06_02-30-22,1633476622,5073.472870588303,397504,crimv3srv033,10.141.0.15,5073.472870588303,0,6,"27_batch_size=16,bidirectional=False,cnn_kernel_size=9,cnn_layers=1,dropout_lin=0.51109,dropout_lstm=0.074336,hidden_dim=128,learning_rate=0.0091631,lstm_layers=1,lstm_output_dim=33,opt_step_size=6",0.009163103875128158,16,False,1,128,33,0.07433605170739332,0.5110931015890183,6,"['main_y', 'percentage_y']",['main_y'],['percentage_y'],"[<class 'torch.nn.modules.loss.BCEWithLogitsLoss'>, <class 'torch.nn.modules.loss.L1Loss'>]","[0.9, 0.1]",1,9,tsfresh,40min_centered
08763_00028,2.2088987827301025,0.6344009637832642,0.8680691123008728,0.8819000720977783,0.9499300718307495,0.8621814846992493,73.38082122802734,6727.2587890625,-3.8706109523773193,183.57740235328674,True,,,12,ebdf128457ab4f10a5539809fa658687,2021-10-06_03-07-06,1633478826,2193.9261882305145,397509,crimv3srv033,10.141.0.15,2193.9261882305145,0,12,"28_batch_size=128,bidirectional=True,cnn_kernel_size=3,cnn_layers=3,dropout_lin=0.34448,dropout_lstm=0.93496,hidden_dim=64,learning_rate=0.00054574,lstm_layers=1,lstm_output_dim=242,opt_step_size=1",0.0005457376846659636,128,True,1,64,242,0.9349618858177667,0.34447904035788934,1,"['main_y', 'percentage_y']",['main_y'],['percentage_y'],"[<class 'torch.nn.modules.loss.BCEWithLogitsLoss'>, <class 'torch.nn.modules.loss.L1Loss'>]","[0.9, 0.1]",3,3,tsfresh,40min_centered
08763_00029,3.1014461517333984,0.0,0.7440650463104248,0.7440650463104248,1.0,0.6348763108253479,73.37128448486328,6725.79833984375,-3.869826316833496,697.6489534378052,True,,,13,4b5b0ae6326d41d7b0a9b8c26f3ffc77,2021-10-06_05-35-20,1633487720,8883.44315624237,397510,crimv3srv033,10.141.0.15,8883.44315624237,0,13,"29_batch_size=32,bidirectional=True,cnn_kernel_size=4,cnn_layers=2,dropout_lin=0.63553,dropout_lstm=0.5197,hidden_dim=64,learning_rate=0.034421,lstm_layers=2,lstm_output_dim=109,opt_step_size=11",0.03442094498422097,32,True,2,64,109,0.5196987383315451,0.6355320650938605,11,"['main_y', 'percentage_y']",['main_y'],['percentage_y'],"[<class 'torch.nn.modules.loss.BCEWithLogitsLoss'>, <class 'torch.nn.modules.loss.L1Loss'>]","[0.9, 0.1]",2,4,tsfresh,40min_centered
08763_00030,4.652548313140869,0.5239319205284119,0.8343223929405212,0.835441529750824,0.9679377675056458,0.8156197667121887,73.33783721923828,6725.63427734375,-3.8659191131591797,148.44635653495789,True,,,20,2cb72c4b055744de8d6ea6c68e3380d0,2021-10-06_06-24-29,1633490669,2937.183000802994,397507,crimv3srv033,10.141.0.15,2937.183000802994,0,20,"30_batch_size=256,bidirectional=False,cnn_kernel_size=7,cnn_layers=2,dropout_lin=0.71189,dropout_lstm=0.24149,hidden_dim=128,learning_rate=2.1021e-06,lstm_layers=2,lstm_output_dim=144,opt_step_size=5",2.1020980523358235e-06,256,False,2,128,144,0.24149369603955595,0.7118926111781307,5,"['main_y', 'percentage_y']",['main_y'],['percentage_y'],"[<class 'torch.nn.modules.loss.BCEWithLogitsLoss'>, <class 'torch.nn.modules.loss.L1Loss'>]","[0.9, 0.1]",2,7,tsfresh,40min_centered
08763_00031,7.1950602531433105,0.49665775895118713,0.821702241897583,0.8479142189025879,0.9264967441558838,0.8117854595184326,73.35540771484375,6724.49609375,-3.865095853805542,62.95398831367493,True,,,20,8676f2b81fc44ba7b69277291b9172bb,2021-10-06_06-47-09,1633492029,1354.144743680954,397503,crimv3srv033,10.141.0.15,1354.144743680954,0,20,"31_batch_size=1024,bidirectional=True,cnn_kernel_size=5,cnn_layers=2,dropout_lin=0.30539,dropout_lstm=0.42417,hidden_dim=16,learning_rate=4.6521e-06,lstm_layers=2,lstm_output_dim=63,opt_step_size=17",4.652132048556556e-06,1024,True,2,16,63,0.4241719759975837,0.3053928086420672,17,"['main_y', 'percentage_y']",['main_y'],['percentage_y'],"[<class 'torch.nn.modules.loss.BCEWithLogitsLoss'>, <class 'torch.nn.modules.loss.L1Loss'>]","[0.9, 0.1]",2,5,tsfresh,40min_centered
08763_00032,3.103092670440674,0.0,0.7438870668411255,0.7438870668411255,1.0,0.6346374154090881,73.35541534423828,6724.49609375,-3.865095853805542,60.03180432319641,True,,,20,34636717e0844edb8f67494bddc353ba,2021-10-06_07-07-07,1633493227,1189.4658308029175,397508,crimv3srv033,10.141.0.15,1189.4658308029175,0,20,"32_batch_size=1024,bidirectional=True,cnn_kernel_size=2,cnn_layers=2,dropout_lin=0.65881,dropout_lstm=0.66276,hidden_dim=16,learning_rate=0.0076838,lstm_layers=1,lstm_output_dim=235,opt_step_size=17",0.0076837750588082164,1024,True,1,16,235,0.6627577436399376,0.6588146178908224,17,"['main_y', 'percentage_y']",['main_y'],['percentage_y'],"[<class 'torch.nn.modules.loss.BCEWithLogitsLoss'>, <class 'torch.nn.modules.loss.L1Loss'>]","[0.9, 0.1]",2,2,tsfresh,40min_centered
08763_00033,3.9861972332000732,0.6162865161895752,0.8623892068862915,0.8733174800872803,0.9532952308654785,0.8548471331596375,73.35541534423828,6724.49609375,-3.865095853805542,74.10327672958374,True,,,20,aed8f63c26024b6c8f03526c7dc74401,2021-10-06_07-33-35,1633494815,1581.4079790115356,397506,crimv3srv033,10.141.0.15,1581.4079790115356,0,20,"33_batch_size=512,bidirectional=False,cnn_kernel_size=3,cnn_layers=3,dropout_lin=0.45052,dropout_lstm=0.66725,hidden_dim=16,learning_rate=0.00016721,lstm_layers=2,lstm_output_dim=42,opt_step_size=19",0.00016721467831573963,512,False,2,16,42,0.6672462387645223,0.4505167418582634,19,"['main_y', 'percentage_y']",['main_y'],['percentage_y'],"[<class 'torch.nn.modules.loss.BCEWithLogitsLoss'>, <class 'torch.nn.modules.loss.L1Loss'>]","[0.9, 0.1]",3,3,tsfresh,40min_centered
08763_00034,1.9145474433898926,0.6446046233177185,0.8702298402786255,0.8909718990325928,0.9406597018241882,0.8662719130516052,73.35541534423828,6724.49609375,-3.865095853805542,89.20054697990417,True,,,20,e8ee3b1f4852439c987639c64d1e8e94,2021-10-06_08-04-09,1633496649,1827.10857462883,397502,crimv3srv033,10.141.0.15,1827.10857462883,0,20,"34_batch_size=1024,bidirectional=False,cnn_kernel_size=10,cnn_layers=3,dropout_lin=0.3912,dropout_lstm=0.022137,hidden_dim=32,learning_rate=0.0059665,lstm_layers=1,lstm_output_dim=222,opt_step_size=3",0.0059665195659222925,1024,False,1,32,222,0.022137144972643186,0.39120240200878054,3,"['main_y', 'percentage_y']",['main_y'],['percentage_y'],"[<class 'torch.nn.modules.loss.BCEWithLogitsLoss'>, <class 'torch.nn.modules.loss.L1Loss'>]","[0.9, 0.1]",3,10,tsfresh,40min_centered
08763_00035,1.8885533809661865,0.6361783742904663,0.8628492951393127,0.9031030535697937,0.9136592745780945,0.8620635867118835,73.35541534423828,6724.49609375,-3.865095853805542,69.9428117275238,True,,,20,48a3e0748fad4da5bed7e0526eac6962,2021-10-06_08-27-55,1633498075,1419.577815771103,397498,crimv3srv033,10.141.0.15,1419.577815771103,0,20,"35_batch_size=2048,bidirectional=True,cnn_kernel_size=4,cnn_layers=3,dropout_lin=0.35682,dropout_lstm=0.11361,hidden_dim=8,learning_rate=0.022043,lstm_layers=1,lstm_output_dim=202,opt_step_size=1",0.022042603560804022,2048,True,1,8,202,0.11361073338457761,0.356824989293398,1,"['main_y', 'percentage_y']",['main_y'],['percentage_y'],"[<class 'torch.nn.modules.loss.BCEWithLogitsLoss'>, <class 'torch.nn.modules.loss.L1Loss'>]","[0.9, 0.1]",3,4,tsfresh,40min_centered
08763_00036,2.3107614517211914,0.6115503907203674,0.860800564289093,0.8731273412704468,0.9511650800704956,0.8533770442008972,73.38082122802734,6727.2587890625,-3.8706109523773193,96.36803412437439,True,,,20,827a7bde9dcc471b88b2b6c9ad0ee5ac,2021-10-06_09-03-32,1633500212,2131.85395693779,397499,crimv3srv033,10.141.0.15,2131.85395693779,0,20,"36_batch_size=128,bidirectional=False,cnn_kernel_size=2,cnn_layers=1,dropout_lin=0.34915,dropout_lstm=0.27973,hidden_dim=64,learning_rate=7.4351e-06,lstm_layers=1,lstm_output_dim=230,opt_step_size=1",7.43514148083754e-06,128,False,1,64,230,0.27973317840063405,0.349149377806105,1,"['main_y', 'percentage_y']",['main_y'],['percentage_y'],"[<class 'torch.nn.modules.loss.BCEWithLogitsLoss'>, <class 'torch.nn.modules.loss.L1Loss'>]","[0.9, 0.1]",1,2,tsfresh,40min_centered
08763_00037,6.91362190246582,0.0,0.7440650463104248,0.7440650463104248,1.0,0.6348763108253479,73.37128448486328,6725.79833984375,-3.869826316833496,611.0157296657562,True,,,20,384ecca73baf434b915898dcaa263f2d,2021-10-06_12-30-44,1633512644,12424.081096887589,397500,crimv3srv033,10.141.0.15,12424.081096887589,0,20,"37_batch_size=16,bidirectional=True,cnn_kernel_size=7,cnn_layers=3,dropout_lin=0.92158,dropout_lstm=0.57664,hidden_dim=8,learning_rate=1.5182e-06,lstm_layers=1,lstm_output_dim=233,opt_step_size=16",1.518188302810177e-06,16,True,1,8,233,0.5766408264785546,0.9215810890501265,16,"['main_y', 'percentage_y']",['main_y'],['percentage_y'],"[<class 'torch.nn.modules.loss.BCEWithLogitsLoss'>, <class 'torch.nn.modules.loss.L1Loss'>]","[0.9, 0.1]",3,7,tsfresh,40min_centered
08763_00038,1.9894449710845947,0.5705640912055969,0.8484112620353699,0.8426275253295898,0.9791805744171143,0.8307147026062012,73.38082122802734,6727.2587890625,-3.8706109523773193,216.51789474487305,True,,,17,6fa3a29549d64b8999070a32386d13f4,2021-10-06_13-30-14,1633516214,3563.129281282425,397497,crimv3srv033,10.141.0.15,3563.129281282425,0,17,"38_batch_size=128,bidirectional=True,cnn_kernel_size=8,cnn_layers=1,dropout_lin=0.70269,dropout_lstm=0.72146,hidden_dim=128,learning_rate=0.0019907,lstm_layers=1,lstm_output_dim=153,opt_step_size=12",0.0019907398490204347,128,True,1,128,153,0.7214579800577196,0.702693803037518,12,"['main_y', 'percentage_y']",['main_y'],['percentage_y'],"[<class 'torch.nn.modules.loss.BCEWithLogitsLoss'>, <class 'torch.nn.modules.loss.L1Loss'>]","[0.9, 0.1]",1,8,tsfresh,40min_centered
08763_00039,2.5601534843444824,0.4782800078392029,0.8191026449203491,0.8078819513320923,0.9930812120437622,0.7831545472145081,73.38082122802734,6727.2587890625,-3.8706109523773193,165.68224430084229,True,,,6,e7ee746e7b574aeebc16690ec6f7a168,2021-10-06_13-49-05,1633517345,1125.7571859359741,397492,crimv3srv033,10.141.0.15,1125.7571859359741,0,6,"39_batch_size=64,bidirectional=False,cnn_kernel_size=10,cnn_layers=2,dropout_lin=0.23943,dropout_lstm=0.69735,hidden_dim=8,learning_rate=0.0018849,lstm_layers=2,lstm_output_dim=216,opt_step_size=19",0.0018849438674889078,64,False,2,8,216,0.697350140333599,0.2394309537907242,19,"['main_y', 'percentage_y']",['main_y'],['percentage_y'],"[<class 'torch.nn.modules.loss.BCEWithLogitsLoss'>, <class 'torch.nn.modules.loss.L1Loss'>]","[0.9, 0.1]",2,10,tsfresh,40min_centered
08763_00040,2.067882776260376,0.6444666981697083,0.8694223165512085,0.8941143751144409,0.9352191686630249,0.8662185668945312,73.35541534423828,6724.49609375,-3.865095853805542,84.91443800926208,True,,,20,f01770e1d1a7477c94749513a12627d2,2021-10-06_14-19-48,1633519188,1835.2673213481903,397501,crimv3srv033,10.141.0.15,1835.2673213481903,0,20,"40_batch_size=512,bidirectional=True,cnn_kernel_size=10,cnn_layers=1,dropout_lin=0.12098,dropout_lstm=0.28144,hidden_dim=64,learning_rate=0.00019733,lstm_layers=2,lstm_output_dim=110,opt_step_size=14",0.00019733300464841146,512,True,2,64,110,0.2814415748410961,0.12098181176743505,14,"['main_y', 'percentage_y']",['main_y'],['percentage_y'],"[<class 'torch.nn.modules.loss.BCEWithLogitsLoss'>, <class 'torch.nn.modules.loss.L1Loss'>]","[0.9, 0.1]",1,10,tsfresh,40min_centered
08763_00041,3.4611573219299316,0.5729084014892578,0.8480642437934875,0.8628126978874207,0.9463005065917969,0.8391258716583252,73.38082122802734,6727.2587890625,-3.8706109523773193,165.92112588882446,True,,,20,0f65512380f74ab1a5a5f00101c602d3,2021-10-06_15-15-07,1633522507,3311.7086222171783,397495,crimv3srv033,10.141.0.15,3311.7086222171783,0,20,"41_batch_size=64,bidirectional=False,cnn_kernel_size=4,cnn_layers=2,dropout_lin=0.4092,dropout_lstm=0.028659,hidden_dim=8,learning_rate=1.2595e-05,lstm_layers=2,lstm_output_dim=132,opt_step_size=8",1.259539762637695e-05,64,False,2,8,132,0.02865887040820647,0.40920356882166253,8,"['main_y', 'percentage_y']",['main_y'],['percentage_y'],"[<class 'torch.nn.modules.loss.BCEWithLogitsLoss'>, <class 'torch.nn.modules.loss.L1Loss'>]","[0.9, 0.1]",2,4,tsfresh,40min_centered
08763_00042,2.2077841758728027,0.6538728475570679,0.8745405673980713,0.8879415988922119,0.9514610767364502,0.8694267868995667,73.37128448486328,6725.79833984375,-3.869826316833496,372.1754837036133,True,,,20,2d980ed7585d4f71a96dab06aceb5700,2021-10-06_17-16-52,1633529812,7294.374057531357,397496,crimv3srv033,10.141.0.15,7294.374057531357,0,20,"42_batch_size=32,bidirectional=True,cnn_kernel_size=9,cnn_layers=2,dropout_lin=0.14693,dropout_lstm=0.40121,hidden_dim=64,learning_rate=1.2104e-05,lstm_layers=1,lstm_output_dim=245,opt_step_size=6",1.2103737108922257e-05,32,True,1,64,245,0.4012060410996199,0.14692964473582182,6,"['main_y', 'percentage_y']",['main_y'],['percentage_y'],"[<class 'torch.nn.modules.loss.BCEWithLogitsLoss'>, <class 'torch.nn.modules.loss.L1Loss'>]","[0.9, 0.1]",2,9,tsfresh,40min_centered
08763_00043,2.107836961746216,0.6321013569831848,0.865761935710907,0.8886644244194031,0.9370124340057373,0.8617712259292603,73.38082122802734,6727.2587890625,-3.8706109523773193,182.9181089401245,True,,,20,5106e4919f9d48e3a2a8a21216541d68,2021-10-06_18-17-56,1633533476,3652.533047914505,397493,crimv3srv033,10.141.0.15,3652.533047914505,0,20,"43_batch_size=64,bidirectional=False,cnn_kernel_size=6,cnn_layers=3,dropout_lin=0.21267,dropout_lstm=0.31381,hidden_dim=8,learning_rate=0.00019942,lstm_layers=2,lstm_output_dim=202,opt_step_size=13",0.00019941548098316547,64,False,2,8,202,0.3138092116428446,0.21266543447157626,13,"['main_y', 'percentage_y']",['main_y'],['percentage_y'],"[<class 'torch.nn.modules.loss.BCEWithLogitsLoss'>, <class 'torch.nn.modules.loss.L1Loss'>]","[0.9, 0.1]",3,6,tsfresh,40min_centered
08763_00044,3.1021759510040283,0.0,0.7441945672035217,0.7441945672035217,1.0,0.6350501775741577,73.38082122802734,6727.2587890625,-3.8706109523773193,302.6842339038849,True,,,11,8c2942ae599f429287427c3861cec196,2021-10-06_19-12-37,1633536757,3268.47479391098,397494,crimv3srv033,10.141.0.15,3268.47479391098,0,11,"44_batch_size=64,bidirectional=True,cnn_kernel_size=7,cnn_layers=1,dropout_lin=0.74043,dropout_lstm=0.75475,hidden_dim=64,learning_rate=0.038447,lstm_layers=2,lstm_output_dim=27,opt_step_size=17",0.03844669902124102,64,True,2,64,27,0.7547512480058363,0.7404332059554862,17,"['main_y', 'percentage_y']",['main_y'],['percentage_y'],"[<class 'torch.nn.modules.loss.BCEWithLogitsLoss'>, <class 'torch.nn.modules.loss.L1Loss'>]","[0.9, 0.1]",1,7,tsfresh,40min_centered
08763_00045,4.995128154754639,0.4540543854236603,0.8127347230911255,0.8034420013427734,0.9906085729598999,0.7746297121047974,73.35541534423828,6724.49609375,-3.865095853805542,83.23047995567322,True,,,20,4c04332a952b4fa09860e26cc171ae87,2021-10-06_19-41-02,1633538462,1698.1811029911041,397490,crimv3srv033,10.141.0.15,1698.1811029911041,0,20,"45_batch_size=256,bidirectional=True,cnn_kernel_size=9,cnn_layers=1,dropout_lin=0.85001,dropout_lstm=0.46425,hidden_dim=64,learning_rate=3.2089e-06,lstm_layers=1,lstm_output_dim=184,opt_step_size=17",3.2088557246214806e-06,256,True,1,64,184,0.4642499128887757,0.8500104540913801,17,"['main_y', 'percentage_y']",['main_y'],['percentage_y'],"[<class 'torch.nn.modules.loss.BCEWithLogitsLoss'>, <class 'torch.nn.modules.loss.L1Loss'>]","[0.9, 0.1]",1,9,tsfresh,40min_centered
08763_00046,2.360588550567627,0.505812406539917,0.825758695602417,0.8472405076026917,0.9342093467712402,0.8147491216659546,73.34880828857422,6724.71337890625,-3.86525297164917,170.7924554347992,True,,,20,4cad40bc233e40d2a111678341f7cd66,2021-10-06_20-41-24,1633542084,3612.2914464473724,397489,crimv3srv033,10.141.0.15,3612.2914464473724,0,20,"46_batch_size=1024,bidirectional=True,cnn_kernel_size=9,cnn_layers=3,dropout_lin=0.093301,dropout_lstm=0.85623,hidden_dim=128,learning_rate=4.037e-06,lstm_layers=2,lstm_output_dim=231,opt_step_size=1",4.0370462153921924e-06,1024,True,2,128,231,0.8562250532229695,0.09330131180008194,1,"['main_y', 'percentage_y']",['main_y'],['percentage_y'],"[<class 'torch.nn.modules.loss.BCEWithLogitsLoss'>, <class 'torch.nn.modules.loss.L1Loss'>]","[0.9, 0.1]",3,9,tsfresh,40min_centered
08763_00047,2.0426783561706543,0.6357643604278564,0.8689056634902954,0.8792213201522827,0.955001950263977,0.8622251152992249,73.37128448486328,6725.79833984375,-3.869826316833496,386.9811804294586,True,,,20,01fcb8f5d40b4bfead2f91dbca90448d,2021-10-06_22-49-41,1633549781,7685.1549680233,397491,crimv3srv033,10.141.0.15,7685.1549680233,0,20,"47_batch_size=32,bidirectional=True,cnn_kernel_size=5,cnn_layers=3,dropout_lin=0.48211,dropout_lstm=0.26198,hidden_dim=64,learning_rate=0.00017825,lstm_layers=1,lstm_output_dim=208,opt_step_size=3",0.00017824868853017663,32,True,1,64,208,0.26198028614023694,0.48211064408340254,3,"['main_y', 'percentage_y']",['main_y'],['percentage_y'],"[<class 'torch.nn.modules.loss.BCEWithLogitsLoss'>, <class 'torch.nn.modules.loss.L1Loss'>]","[0.9, 0.1]",3,5,tsfresh,40min_centered
08763_00048,1.6723169088363647,0.6445873379707336,0.8700045347213745,0.891934335231781,0.9390186667442322,0.8662793040275574,73.35541534423828,6724.49609375,-3.865095853805542,69.09497237205505,True,,,20,7a76c5869bd446929c0cff402640eb02,2021-10-06_23-12-08,1633551128,1333.497876405716,312104,crimv3srv033,10.141.0.15,1333.497876405716,0,20,"48_batch_size=2048,bidirectional=True,cnn_kernel_size=10,cnn_layers=1,dropout_lin=0.0041977,dropout_lstm=0.13373,hidden_dim=64,learning_rate=0.0001294,lstm_layers=1,lstm_output_dim=174,opt_step_size=6",0.0001293969826136606,2048,True,1,64,174,0.1337267647131949,0.00419771676572811,6,"['main_y', 'percentage_y']",['main_y'],['percentage_y'],"[<class 'torch.nn.modules.loss.BCEWithLogitsLoss'>, <class 'torch.nn.modules.loss.L1Loss'>]","[0.9, 0.1]",1,10,tsfresh,40min_centered
08763_00049,1.8895187377929688,0.6069673895835876,0.8591402769088745,0.8718070387840271,0.950391948223114,0.8515691161155701,73.35541534423828,6724.49609375,-3.865095853805542,66.93076682090759,True,,,18,9543d9eead084d3fa8376b185bf95b5d,2021-10-06_23-33-28,1633552408,1271.9340674877167,331811,crimv3srv033,10.141.0.15,1271.9340674877167,0,18,"49_batch_size=512,bidirectional=True,cnn_kernel_size=10,cnn_layers=1,dropout_lin=0.39074,dropout_lstm=0.16492,hidden_dim=16,learning_rate=0.029133,lstm_layers=2,lstm_output_dim=220,opt_step_size=5",0.02913331144773022,512,True,2,16,220,0.16491510506635543,0.3907430896626133,5,"['main_y', 'percentage_y']",['main_y'],['percentage_y'],"[<class 'torch.nn.modules.loss.BCEWithLogitsLoss'>, <class 'torch.nn.modules.loss.L1Loss'>]","[0.9, 0.1]",1,10,tsfresh,40min_centered
