trial_id,loss,mcc_main_y,acc_main_y,prec_main_y,rec_main_y,f1_main_y,MAE_percentage_y,MSE_percentage_y,r2_percentage_y,time_this_iter_s,done,timesteps_total,episodes_total,training_iteration,experiment_id,date,timestamp,time_total_s,pid,hostname,node_ip,time_since_restore,timesteps_since_restore,iterations_since_restore,experiment_tag,config.learning_rate,config.batch_size,config.bidirectional,config.lstm_layers,config.hidden_dim,config.lstm_output_dim,config.dropout_lstm,config.dropout_lin,config.opt_step_size,config.weight_decay,config.labels,config.classification_tasks,config.regression_tasks,config.loss_fnct,config.weights,config.use_cnn,config.cnn_kernel_size,config.featset,config.data_path
7d0d8_00000,6.810327529907227,0.0,0.7553523182868958,0.7553523182868958,1.0,0.6500770449638367,73.35541534423828,6724.49609375,-3.865095853805542,39.340588092803955,True,,,20,e3b003ee86844d159c2d40b7b1c51e59,2021-09-28_11-09-10,1632816550,796.3777804374695,171832,crimv3srv040,10.141.0.34,796.3777804374695,0,20,"0_batch_size=1024,bidirectional=True,cnn_kernel_size=3,dropout_lin=0.62704,dropout_lstm=0.26449,hidden_dim=16,learning_rate=8.1679e-06,lstm_layers=2,lstm_output_dim=48,opt_step_size=7,weight_decay=0.0031731",8.167870571729685e-06,1024,True,2,16,48,0.2644907469803185,0.6270440773017617,7,0.0031731466561358574,"['main_y', 'percentage_y']",['main_y'],['percentage_y'],"[<class 'torch.nn.modules.loss.BCEWithLogitsLoss'>, <class 'torch.nn.modules.loss.L1Loss'>]","[0.9, 0.1]",[True],3,tsfresh,40min_notcentered
7d0d8_00001,3.7036213874816895,0.0,0.7553646564483643,0.7553646564483643,1.0,0.650093674659729,73.38082122802734,6727.2587890625,-3.8706109523773193,142.09394359588623,True,,,20,5e74b9f3ca3841a2b13e321199654197,2021-09-28_11-57-34,1632819454,2896.8522651195526,171825,crimv3srv040,10.141.0.34,2896.8522651195526,0,20,"1_batch_size=64,bidirectional=False,cnn_kernel_size=7,dropout_lin=0.82262,dropout_lstm=0.62296,hidden_dim=8,learning_rate=0.00014973,lstm_layers=2,lstm_output_dim=52,opt_step_size=7,weight_decay=0.0031751",0.00014972608298904344,64,False,2,8,52,0.6229565032623958,0.8226217971992709,7,0.0031751205441449943,"['main_y', 'percentage_y']",['main_y'],['percentage_y'],"[<class 'torch.nn.modules.loss.BCEWithLogitsLoss'>, <class 'torch.nn.modules.loss.L1Loss'>]","[0.9, 0.1]",[True],7,tsfresh,40min_notcentered
7d0d8_00002,7.385411739349365,0.0,0.7553646564483643,0.7553646564483643,1.0,0.650093674659729,73.38082122802734,6727.2587890625,-3.8706109523773193,305.081490278244,True,,,20,84089a8ae85d410f898bf88eeebe5eca,2021-09-28_13-37-47,1632825467,6003.193948507309,171824,crimv3srv040,10.141.0.34,6003.193948507309,0,20,"2_batch_size=64,bidirectional=True,cnn_kernel_size=6,dropout_lin=0.97121,dropout_lstm=0.080133,hidden_dim=128,learning_rate=1.3615e-05,lstm_layers=1,lstm_output_dim=19,opt_step_size=15,weight_decay=0.0011352",1.361501711123645e-05,64,True,1,128,19,0.08013261607729061,0.9712080320637432,15,0.001135168634242625,"['main_y', 'percentage_y']",['main_y'],['percentage_y'],"[<class 'torch.nn.modules.loss.BCEWithLogitsLoss'>, <class 'torch.nn.modules.loss.L1Loss'>]","[0.9, 0.1]",[True],6,tsfresh,40min_notcentered
7d0d8_00003,4.7229323387146,0.0,0.7553523182868958,0.7553523182868958,1.0,0.6500770449638367,73.35541534423828,6724.49609375,-3.865095853805542,30.983750820159912,True,,,20,229033e00bb84af9861f711f3bd0ac07,2021-09-28_13-49-23,1632826163,679.1712980270386,171827,crimv3srv040,10.141.0.34,679.1712980270386,0,20,"3_batch_size=2048,bidirectional=False,cnn_kernel_size=3,dropout_lin=0.81002,dropout_lstm=0.98354,hidden_dim=32,learning_rate=0.00023911,lstm_layers=1,lstm_output_dim=93,opt_step_size=4,weight_decay=7.1597e-05",0.00023910915572982852,2048,False,1,32,93,0.9835363541774249,0.8100226678395311,4,7.15966816425225e-05,"['main_y', 'percentage_y']",['main_y'],['percentage_y'],"[<class 'torch.nn.modules.loss.BCEWithLogitsLoss'>, <class 'torch.nn.modules.loss.L1Loss'>]","[0.9, 0.1]",[True],3,tsfresh,40min_notcentered
7d0d8_00004,3.0078086853027344,0.0,0.7553646564483643,0.7553646564483643,1.0,0.650093674659729,73.38082122802734,6727.2587890625,-3.8706109523773193,86.81277561187744,True,,,20,2b6036ad9d1642cbb6c7beb1d1612469,2021-09-28_14-19-18,1632827958,1787.9181094169617,171838,crimv3srv040,10.141.0.34,1787.9181094169617,0,20,"4_batch_size=128,bidirectional=False,cnn_kernel_size=8,dropout_lin=0.96729,dropout_lstm=0.29188,hidden_dim=16,learning_rate=0.0011619,lstm_layers=2,lstm_output_dim=117,opt_step_size=3,weight_decay=2.1095e-05",0.0011618960402972635,128,False,2,16,117,0.2918813414092146,0.9672874073060517,3,2.1095176391238432e-05,"['main_y', 'percentage_y']",['main_y'],['percentage_y'],"[<class 'torch.nn.modules.loss.BCEWithLogitsLoss'>, <class 'torch.nn.modules.loss.L1Loss'>]","[0.9, 0.1]",[True],8,tsfresh,40min_notcentered
7d0d8_00005,2.038266658782959,0.1853121519088745,0.7668551206588745,0.7646952271461487,0.998632550239563,0.6779992580413818,73.35541534423828,6724.49609375,-3.865095853805542,51.32588815689087,True,,,17,fec64fb55773458d9c525d7ef57580c5,2021-09-28_14-35-10,1632828910,944.9019291400909,171828,crimv3srv040,10.141.0.34,944.9019291400909,0,17,"5_batch_size=1024,bidirectional=True,cnn_kernel_size=9,dropout_lin=0.49294,dropout_lstm=0.16076,hidden_dim=32,learning_rate=0.064294,lstm_layers=2,lstm_output_dim=76,opt_step_size=1,weight_decay=3.5507e-05",0.06429425449817099,1024,True,2,32,76,0.160762554392071,0.492936307448964,1,3.55065277507991e-05,"['main_y', 'percentage_y']",['main_y'],['percentage_y'],"[<class 'torch.nn.modules.loss.BCEWithLogitsLoss'>, <class 'torch.nn.modules.loss.L1Loss'>]","[0.9, 0.1]",[True],9,tsfresh,40min_notcentered
7d0d8_00006,7.691454887390137,0.46562671661376953,0.8214956521987915,0.8399743437767029,0.9434126615524292,0.8057223558425903,73.35541534423828,6724.49609375,-3.865095853805542,39.583189487457275,True,,,20,29ef493666a542548e38bad478fba546,2021-09-28_14-49-34,1632829774,857.1183500289917,171829,crimv3srv040,10.141.0.34,857.1183500289917,0,20,"6_batch_size=1024,bidirectional=True,cnn_kernel_size=5,dropout_lin=0.053052,dropout_lstm=0.85446,hidden_dim=32,learning_rate=3.9337e-06,lstm_layers=1,lstm_output_dim=25,opt_step_size=16,weight_decay=0.00066322",3.933683036638772e-06,1024,True,1,32,25,0.8544589044363683,0.05305218850018267,16,0.0006632184783473034,"['main_y', 'percentage_y']",['main_y'],['percentage_y'],"[<class 'torch.nn.modules.loss.BCEWithLogitsLoss'>, <class 'torch.nn.modules.loss.L1Loss'>]","[0.9, 0.1]",[True],5,tsfresh,40min_notcentered
7d0d8_00007,4.045894145965576,0.5728249549865723,0.8514310121536255,0.8749042749404907,0.9373337030410767,0.8447942137718201,73.35541534423828,6724.49609375,-3.865095853805542,51.94079780578613,True,,,20,43dd71289d1446d7a9ca5d4f50010e40,2021-09-28_15-08-23,1632830903,1120.617341518402,171840,crimv3srv040,10.141.0.34,1120.617341518402,0,20,"7_batch_size=1024,bidirectional=True,cnn_kernel_size=2,dropout_lin=0.69445,dropout_lstm=0.050355,hidden_dim=64,learning_rate=1.7539e-05,lstm_layers=1,lstm_output_dim=86,opt_step_size=8,weight_decay=0.00075205",1.753850838035096e-05,1024,True,1,64,86,0.05035528475221296,0.6944485769950615,8,0.0007520465136690822,"['main_y', 'percentage_y']",['main_y'],['percentage_y'],"[<class 'torch.nn.modules.loss.BCEWithLogitsLoss'>, <class 'torch.nn.modules.loss.L1Loss'>]","[0.9, 0.1]",[True],2,tsfresh,40min_notcentered
7d0d8_00008,3.4226584434509277,0.0,0.7551380395889282,0.7551380395889282,1.0,0.6497875452041626,73.37128448486328,6725.79833984375,-3.869826316833496,314.14438366889954,True,,,20,b16a51a345204b11a34b538f0b6ae4f2,2021-09-28_16-54-36,1632837276,6365.410787820816,171804,crimv3srv040,10.141.0.34,6365.410787820816,0,20,"8_batch_size=32,bidirectional=False,cnn_kernel_size=5,dropout_lin=0.99381,dropout_lstm=0.076326,hidden_dim=64,learning_rate=0.00014442,lstm_layers=2,lstm_output_dim=95,opt_step_size=1,weight_decay=0.0009427",0.00014441593500586847,32,False,2,64,95,0.0763256633597783,0.9938063453255709,1,0.0009427001236283089,"['main_y', 'percentage_y']",['main_y'],['percentage_y'],"[<class 'torch.nn.modules.loss.BCEWithLogitsLoss'>, <class 'torch.nn.modules.loss.L1Loss'>]","[0.9, 0.1]",[True],5,tsfresh,40min_notcentered
7d0d8_00009,5.287399768829346,0.06060659512877464,0.7566575407981873,0.7565131783485413,0.9995524883270264,0.653780460357666,73.35541534423828,6724.49609375,-3.865095853805542,63.147520542144775,True,,,20,458ca64805764dcebdc1293188d7c134,2021-09-28_17-17-12,1632838632,1343.5763711929321,171785,crimv3srv040,10.141.0.34,1343.5763711929321,0,20,"9_batch_size=256,bidirectional=True,cnn_kernel_size=6,dropout_lin=0.76427,dropout_lstm=0.22978,hidden_dim=32,learning_rate=2.3771e-06,lstm_layers=1,lstm_output_dim=111,opt_step_size=7,weight_decay=0.00035221",2.3771315970234927e-06,256,True,1,32,111,0.2297763896664543,0.7642703529348275,7,0.00035220790706546874,"['main_y', 'percentage_y']",['main_y'],['percentage_y'],"[<class 'torch.nn.modules.loss.BCEWithLogitsLoss'>, <class 'torch.nn.modules.loss.L1Loss'>]","[0.9, 0.1]",[True],6,tsfresh,40min_notcentered
7d0d8_00010,4.440671920776367,0.0,0.7553523182868958,0.7553523182868958,1.0,0.6500770449638367,73.35541534423828,6724.49609375,-3.865095853805542,162.36585879325867,True,,,20,04802e78d4ef4dadba3d4dc2e9fb23b2,2021-09-28_18-12-21,1632841941,3302.78174161911,171796,crimv3srv040,10.141.0.34,3302.78174161911,0,20,"10_batch_size=512,bidirectional=True,cnn_kernel_size=2,dropout_lin=0.75041,dropout_lstm=0.50776,hidden_dim=128,learning_rate=1.0134e-05,lstm_layers=2,lstm_output_dim=83,opt_step_size=2,weight_decay=2.0029e-05",1.0134006424890835e-05,512,True,2,128,83,0.5077568754682131,0.7504119711918852,2,2.0029234405413717e-05,"['main_y', 'percentage_y']",['main_y'],['percentage_y'],"[<class 'torch.nn.modules.loss.BCEWithLogitsLoss'>, <class 'torch.nn.modules.loss.L1Loss'>]","[0.9, 0.1]",[True],2,tsfresh,40min_notcentered
7d0d8_00011,7.907944202423096,0.47626256942749023,0.824265718460083,0.8433588743209839,0.9423808455467224,0.809685468673706,73.35541534423828,6724.49609375,-3.865095853805542,44.01575684547424,True,,,20,2cc8530d21b5457685ed02423f2177a7,2021-09-28_18-27-36,1632842856,906.8197753429413,171782,crimv3srv040,10.141.0.34,906.8197753429413,0,20,"11_batch_size=512,bidirectional=True,cnn_kernel_size=4,dropout_lin=0.044253,dropout_lstm=0.43115,hidden_dim=8,learning_rate=4.0729e-06,lstm_layers=2,lstm_output_dim=89,opt_step_size=17,weight_decay=0.00025677",4.072920074715266e-06,512,True,2,8,89,0.43114818437398184,0.04425301227793843,17,0.00025676646516166013,"['main_y', 'percentage_y']",['main_y'],['percentage_y'],"[<class 'torch.nn.modules.loss.BCEWithLogitsLoss'>, <class 'torch.nn.modules.loss.L1Loss'>]","[0.9, 0.1]",[True],4,tsfresh,40min_notcentered
7d0d8_00012,2.6935982704162598,0.47038379311561584,0.8249417543411255,0.8336482644081116,0.9597598314285278,0.8044275641441345,73.35467529296875,6724.501953125,-3.8650999069213867,100.62063813209534,True,,,14,463ccc067b7148c3a5ae5cbae6d9506f,2021-09-28_18-51-18,1632844278,1414.305869102478,171834,crimv3srv040,10.141.0.34,1414.305869102478,0,14,"12_batch_size=2048,bidirectional=True,cnn_kernel_size=6,dropout_lin=0.16819,dropout_lstm=0.46961,hidden_dim=128,learning_rate=7.1582e-05,lstm_layers=1,lstm_output_dim=26,opt_step_size=3,weight_decay=0.00013506",7.158204160935903e-05,2048,True,1,128,26,0.46961097849614886,0.16819145254544843,3,0.00013505849265708176,"['main_y', 'percentage_y']",['main_y'],['percentage_y'],"[<class 'torch.nn.modules.loss.BCEWithLogitsLoss'>, <class 'torch.nn.modules.loss.L1Loss'>]","[0.9, 0.1]",[True],6,tsfresh,40min_notcentered
7d0d8_00013,2.267152786254883,0.4797094762325287,0.8256178498268127,0.8431977033615112,0.9448422193527222,0.8106387257575989,73.35541534423828,6724.49609375,-3.865095853805542,32.78147888183594,True,,,7,2d5599e234ed408db40f72886ea38859,2021-09-28_18-56-13,1632844573,289.2937157154083,171783,crimv3srv040,10.141.0.34,289.2937157154083,0,7,"13_batch_size=2048,bidirectional=False,cnn_kernel_size=7,dropout_lin=0.17712,dropout_lstm=0.815,hidden_dim=32,learning_rate=0.0013184,lstm_layers=1,lstm_output_dim=9,opt_step_size=8,weight_decay=0.00090591",0.0013184247452607243,2048,False,1,32,9,0.8149951549080656,0.17711553796514767,8,0.0009059066265674847,"['main_y', 'percentage_y']",['main_y'],['percentage_y'],"[<class 'torch.nn.modules.loss.BCEWithLogitsLoss'>, <class 'torch.nn.modules.loss.L1Loss'>]","[0.9, 0.1]",[True],7,tsfresh,40min_notcentered
7d0d8_00014,1.6922695636749268,0.5980348587036133,0.8565387725830078,0.890190064907074,0.9240005016326904,0.8534132838249207,73.37129211425781,6725.798828125,-3.869826555252075,254.91006207466125,True,,,13,976e417194f24324968d46165999d9bf,2021-09-28_19-56-45,1632848205,3624.5873630046844,171792,crimv3srv040,10.141.0.34,3624.5873630046844,0,13,"14_batch_size=32,bidirectional=False,cnn_kernel_size=2,dropout_lin=0.021751,dropout_lstm=0.99072,hidden_dim=16,learning_rate=0.00094652,lstm_layers=1,lstm_output_dim=115,opt_step_size=13,weight_decay=0.002624",0.0009465222313228383,32,False,1,16,115,0.9907222694247027,0.02175050342355256,13,0.002624022420392459,"['main_y', 'percentage_y']",['main_y'],['percentage_y'],"[<class 'torch.nn.modules.loss.BCEWithLogitsLoss'>, <class 'torch.nn.modules.loss.L1Loss'>]","[0.9, 0.1]",[True],2,tsfresh,40min_notcentered
7d0d8_00015,2.33742094039917,0.5927026867866516,0.8589149117469788,0.8760073184967041,0.9473036527633667,0.8515365123748779,73.35541534423828,6724.49609375,-3.865095853805542,34.33497452735901,True,,,20,62a37f6b8dce453a8fae2c89de9e60a2,2021-09-28_20-09-25,1632848965,748.8309133052826,171807,crimv3srv040,10.141.0.34,748.8309133052826,0,20,"15_batch_size=2048,bidirectional=True,cnn_kernel_size=10,dropout_lin=0.54697,dropout_lstm=0.76128,hidden_dim=8,learning_rate=0.0074885,lstm_layers=1,lstm_output_dim=121,opt_step_size=12,weight_decay=3.6911e-05",0.007488486526106875,2048,True,1,8,121,0.7612759676883278,0.5469743554491892,12,3.6911315683522494e-05,"['main_y', 'percentage_y']",['main_y'],['percentage_y'],"[<class 'torch.nn.modules.loss.BCEWithLogitsLoss'>, <class 'torch.nn.modules.loss.L1Loss'>]","[0.9, 0.1]",[True],10,tsfresh,40min_notcentered
7d0d8_00016,2.100172758102417,0.4695779085159302,0.8216458559036255,0.8434537649154663,0.9379677176475525,0.8077239990234375,73.35528564453125,6724.50390625,-3.8651013374328613,40.33285331726074,True,,,20,ec0cad2714b545e58d00ab8ec6d2c2ce,2021-09-28_20-23-51,1632849831,859.7044985294342,171820,crimv3srv040,10.141.0.34,859.7044985294342,0,20,"16_batch_size=1024,bidirectional=False,cnn_kernel_size=7,dropout_lin=0.083674,dropout_lstm=0.7096,hidden_dim=32,learning_rate=2.3553e-05,lstm_layers=2,lstm_output_dim=44,opt_step_size=15,weight_decay=0.0022343",2.3553210033840116e-05,1024,False,2,32,44,0.7096025838309054,0.0836743344369536,15,0.0022342544714391353,"['main_y', 'percentage_y']",['main_y'],['percentage_y'],"[<class 'torch.nn.modules.loss.BCEWithLogitsLoss'>, <class 'torch.nn.modules.loss.L1Loss'>]","[0.9, 0.1]",[True],7,tsfresh,40min_notcentered
7d0d8_00017,2.063772439956665,0.5841537714004517,0.8556471467018127,0.8758910894393921,0.9424305558204651,0.8486992716789246,73.35541534423828,6724.49609375,-3.865095853805542,35.12131428718567,True,,,20,05b30ec9f6c94da2970a8fb1830b77c5,2021-09-28_20-36-20,1632850580,741.3258652687073,171788,crimv3srv040,10.141.0.34,741.3258652687073,0,20,"17_batch_size=2048,bidirectional=False,cnn_kernel_size=3,dropout_lin=0.22303,dropout_lstm=0.065708,hidden_dim=32,learning_rate=0.00011773,lstm_layers=2,lstm_output_dim=39,opt_step_size=3,weight_decay=0.00034236",0.00011772517198397222,2048,False,2,32,39,0.065707512912211,0.22303030287198844,3,0.0003423572824986094,"['main_y', 'percentage_y']",['main_y'],['percentage_y'],"[<class 'torch.nn.modules.loss.BCEWithLogitsLoss'>, <class 'torch.nn.modules.loss.L1Loss'>]","[0.9, 0.1]",[True],3,tsfresh,40min_notcentered
7d0d8_00018,5.123979568481445,0.0,0.7553523182868958,0.7553523182868958,1.0,0.6500770449638367,73.35541534423828,6724.49609375,-3.865095853805542,50.6880567073822,True,,,20,5dad65fcd8c745e98705f69d7f44b0a4,2021-09-28_20-54-08,1632851648,1061.0619852542877,171803,crimv3srv040,10.141.0.34,1061.0619852542877,0,20,"18_batch_size=512,bidirectional=False,cnn_kernel_size=9,dropout_lin=0.76992,dropout_lstm=0.60992,hidden_dim=32,learning_rate=2.6607e-05,lstm_layers=2,lstm_output_dim=94,opt_step_size=16,weight_decay=0.0013546",2.6607282328005793e-05,512,False,2,32,94,0.6099166021053817,0.7699170769448342,16,0.0013546479481910945,"['main_y', 'percentage_y']",['main_y'],['percentage_y'],"[<class 'torch.nn.modules.loss.BCEWithLogitsLoss'>, <class 'torch.nn.modules.loss.L1Loss'>]","[0.9, 0.1]",[True],9,tsfresh,40min_notcentered
7d0d8_00019,3.5943102836608887,0.0,0.7553523182868958,0.7553523182868958,1.0,0.6500770449638367,73.35541534423828,6724.49609375,-3.865095853805542,33.52219009399414,True,,,20,a414504889d54ef1ba2fedaa9c3886d8,2021-09-28_21-06-27,1632852387,731.9480476379395,171793,crimv3srv040,10.141.0.34,731.9480476379395,0,20,"19_batch_size=2048,bidirectional=True,cnn_kernel_size=4,dropout_lin=0.84698,dropout_lstm=0.62662,hidden_dim=16,learning_rate=0.0063326,lstm_layers=1,lstm_output_dim=72,opt_step_size=5,weight_decay=0.0015824",0.006332568676567204,2048,True,1,16,72,0.6266193078100307,0.8469750349800702,5,0.0015824247670000375,"['main_y', 'percentage_y']",['main_y'],['percentage_y'],"[<class 'torch.nn.modules.loss.BCEWithLogitsLoss'>, <class 'torch.nn.modules.loss.L1Loss'>]","[0.9, 0.1]",[True],4,tsfresh,40min_notcentered
7d0d8_00020,7.764236927032471,0.0,0.7553523182868958,0.7553523182868958,1.0,0.6500770449638367,73.35541534423828,6724.49609375,-3.865095853805542,144.59882402420044,True,,,20,045e240e1e4e4216917189aedfbe3b40,2021-09-28_21-54-37,1632855277,2881.5576968193054,171830,crimv3srv040,10.141.0.34,2881.5576968193054,0,20,"20_batch_size=2048,bidirectional=True,cnn_kernel_size=7,dropout_lin=0.21256,dropout_lstm=0.82354,hidden_dim=128,learning_rate=2.27e-06,lstm_layers=2,lstm_output_dim=55,opt_step_size=12,weight_decay=0.002484",2.2699936530116662e-06,2048,True,2,128,55,0.8235387699622707,0.21256052408491943,12,0.0024840175237011036,"['main_y', 'percentage_y']",['main_y'],['percentage_y'],"[<class 'torch.nn.modules.loss.BCEWithLogitsLoss'>, <class 'torch.nn.modules.loss.L1Loss'>]","[0.9, 0.1]",[True],7,tsfresh,40min_notcentered
7d0d8_00021,2.0656721591949463,0.5209323167800903,0.8359562754631042,0.8590439558029175,0.9364883899688721,0.8262333273887634,73.35541534423828,6724.49609375,-3.865095853805542,44.49155926704407,True,,,14,1c036abb4e604a5d8471917bf38d40a3,2021-09-28_22-06-06,1632855966,682.2444202899933,171821,crimv3srv040,10.141.0.34,682.2444202899933,0,14,"21_batch_size=512,bidirectional=True,cnn_kernel_size=10,dropout_lin=0.076987,dropout_lstm=0.35038,hidden_dim=8,learning_rate=0.042662,lstm_layers=1,lstm_output_dim=17,opt_step_size=14,weight_decay=0.00020496",0.04266230935397607,512,True,1,8,17,0.35038058860454435,0.07698703394912765,14,0.00020496303917074112,"['main_y', 'percentage_y']",['main_y'],['percentage_y'],"[<class 'torch.nn.modules.loss.BCEWithLogitsLoss'>, <class 'torch.nn.modules.loss.L1Loss'>]","[0.9, 0.1]",[True],10,tsfresh,40min_notcentered
7d0d8_00022,2.497580051422119,0.49659574031829834,0.8285569548606873,0.8528370261192322,0.9342383146286011,0.8176479339599609,73.35541534423828,6724.49609375,-3.865095853805542,84.56100940704346,True,,,14,a1866f1070434ca391c7fc62b089bde0,2021-09-28_22-26-34,1632857194,1221.828988790512,171790,crimv3srv040,10.141.0.34,1221.828988790512,0,14,"22_batch_size=1024,bidirectional=True,cnn_kernel_size=4,dropout_lin=0.19797,dropout_lstm=0.95971,hidden_dim=64,learning_rate=0.00063207,lstm_layers=2,lstm_output_dim=114,opt_step_size=15,weight_decay=0.0055415",0.0006320719868939803,1024,True,2,64,114,0.959711246370009,0.19796955363816282,15,0.005541483422017118,"['main_y', 'percentage_y']",['main_y'],['percentage_y'],"[<class 'torch.nn.modules.loss.BCEWithLogitsLoss'>, <class 'torch.nn.modules.loss.L1Loss'>]","[0.9, 0.1]",[True],4,tsfresh,40min_notcentered
7d0d8_00023,7.945957660675049,0.0,0.7553523182868958,0.7553523182868958,1.0,0.6500770449638367,73.35541534423828,6724.49609375,-3.865095853805542,39.86741876602173,True,,,20,b99d6ddded41424281e5c6128bfe6fd9,2021-09-28_22-41-03,1632858063,860.2383120059967,171823,crimv3srv040,10.141.0.34,860.2383120059967,0,20,"23_batch_size=1024,bidirectional=True,cnn_kernel_size=3,dropout_lin=0.10557,dropout_lstm=0.013612,hidden_dim=16,learning_rate=1.3304e-06,lstm_layers=2,lstm_output_dim=97,opt_step_size=16,weight_decay=0.00011246",1.3304104969770976e-06,1024,True,2,16,97,0.013612198135691256,0.10556782586166857,16,0.00011246250303128458,"['main_y', 'percentage_y']",['main_y'],['percentage_y'],"[<class 'torch.nn.modules.loss.BCEWithLogitsLoss'>, <class 'torch.nn.modules.loss.L1Loss'>]","[0.9, 0.1]",[True],3,tsfresh,40min_notcentered
7d0d8_00024,2.516530752182007,0.0,0.7553523182868958,0.7553523182868958,1.0,0.6500770449638367,73.35541534423828,6724.49609375,-3.865095853805542,58.874199867248535,True,,,18,db1e81f8e33b489e8f825cb851d4c321,2021-09-28_23-00-40,1632859240,1169.9187817573547,171781,crimv3srv040,10.141.0.34,1169.9187817573547,0,18,"24_batch_size=2048,bidirectional=False,cnn_kernel_size=7,dropout_lin=0.65983,dropout_lstm=0.49987,hidden_dim=128,learning_rate=0.04812,lstm_layers=1,lstm_output_dim=102,opt_step_size=16,weight_decay=0.0093961",0.04812041438697127,2048,False,1,128,102,0.4998728333306245,0.6598342486694051,16,0.009396081813789717,"['main_y', 'percentage_y']",['main_y'],['percentage_y'],"[<class 'torch.nn.modules.loss.BCEWithLogitsLoss'>, <class 'torch.nn.modules.loss.L1Loss'>]","[0.9, 0.1]",[True],7,tsfresh,40min_notcentered
7d0d8_00025,1.6310170888900757,0.5951123833656311,0.8587740659713745,0.8802353143692017,0.9410755634307861,0.8526983857154846,73.31466674804688,6726.8701171875,-3.8668131828308105,34.88707113265991,True,,,20,a3471cc6e8d64290897c79e35907bdd4,2021-09-28_23-13-25,1632860005,756.2390201091766,171791,crimv3srv040,10.141.0.34,756.2390201091766,0,20,"25_batch_size=2048,bidirectional=False,cnn_kernel_size=9,dropout_lin=0.0029956,dropout_lstm=0.42421,hidden_dim=32,learning_rate=0.00065619,lstm_layers=1,lstm_output_dim=97,opt_step_size=12,weight_decay=7.8749e-05",0.0006561855432585455,2048,False,1,32,97,0.4242146163310109,0.0029955573351566622,12,7.874946057579601e-05,"['main_y', 'percentage_y']",['main_y'],['percentage_y'],"[<class 'torch.nn.modules.loss.BCEWithLogitsLoss'>, <class 'torch.nn.modules.loss.L1Loss'>]","[0.9, 0.1]",[True],9,tsfresh,40min_notcentered
7d0d8_00026,1.817171335220337,0.5983670949935913,0.8597694039344788,0.8813127279281616,0.9410879611968994,0.8538691401481628,73.35541534423828,6724.49609375,-3.865095853805542,81.77250242233276,True,,,20,a3a87567966d48949259b2ecacbc716f,2021-09-28_23-42-31,1632861751,1739.1657235622406,171813,crimv3srv040,10.141.0.34,1739.1657235622406,0,20,"26_batch_size=1024,bidirectional=False,cnn_kernel_size=8,dropout_lin=0.095263,dropout_lstm=0.41568,hidden_dim=128,learning_rate=0.0048219,lstm_layers=2,lstm_output_dim=124,opt_step_size=19,weight_decay=0.00094267",0.004821923116075819,1024,False,2,128,124,0.4156777070387111,0.09526338823565861,19,0.0009426688698094345,"['main_y', 'percentage_y']",['main_y'],['percentage_y'],"[<class 'torch.nn.modules.loss.BCEWithLogitsLoss'>, <class 'torch.nn.modules.loss.L1Loss'>]","[0.9, 0.1]",[True],8,tsfresh,40min_notcentered
7d0d8_00027,3.9948651790618896,0.5063970685005188,0.8355430960655212,0.8348017334938049,0.9752740859985352,0.8130682706832886,73.35541534423828,6724.49609375,-3.865095853805542,75.86617350578308,True,,,20,473629e935ee4677861a88fad2a48a46,2021-09-29_00-09-12,1632863352,1590.2466912269592,171801,crimv3srv040,10.141.0.34,1590.2466912269592,0,20,"27_batch_size=256,bidirectional=True,cnn_kernel_size=9,dropout_lin=0.70945,dropout_lstm=0.20637,hidden_dim=64,learning_rate=1.4803e-05,lstm_layers=1,lstm_output_dim=72,opt_step_size=17,weight_decay=7.8698e-05",1.4803118750141553e-05,256,True,1,64,72,0.20637007333273694,0.7094464718203112,17,7.869784580291944e-05,"['main_y', 'percentage_y']",['main_y'],['percentage_y'],"[<class 'torch.nn.modules.loss.BCEWithLogitsLoss'>, <class 'torch.nn.modules.loss.L1Loss'>]","[0.9, 0.1]",[True],9,tsfresh,40min_notcentered
7d0d8_00028,3.092378854751587,0.0,0.7553523182868958,0.7553523182868958,1.0,0.6500770449638367,73.35541534423828,6724.49609375,-3.865095853805542,53.85624575614929,True,,,8,aa9be8e7de1941a8af5d664d3c93f51d,2021-09-29_00-17-24,1632863844,484.979779958725,171794,crimv3srv040,10.141.0.34,484.979779958725,0,8,"28_batch_size=256,bidirectional=False,cnn_kernel_size=9,dropout_lin=0.94473,dropout_lstm=0.62833,hidden_dim=16,learning_rate=0.030421,lstm_layers=2,lstm_output_dim=79,opt_step_size=6,weight_decay=7.4628e-05",0.030421432530219405,256,False,2,16,79,0.628333757278144,0.9447317902839822,6,7.462823614385476e-05,"['main_y', 'percentage_y']",['main_y'],['percentage_y'],"[<class 'torch.nn.modules.loss.BCEWithLogitsLoss'>, <class 'torch.nn.modules.loss.L1Loss'>]","[0.9, 0.1]",[True],9,tsfresh,40min_notcentered
7d0d8_00029,3.4537112712860107,0.5979070663452148,0.8614689707756042,0.8727289438247681,0.9560179710388184,0.8526555895805359,73.35541534423828,6724.49609375,-3.865095853805542,104.63754606246948,True,,,14,15c9c8748d7341d78973246d938ba8c4,2021-09-29_00-43-07,1632865387,1533.7639195919037,171818,crimv3srv040,10.141.0.34,1533.7639195919037,0,14,"29_batch_size=256,bidirectional=False,cnn_kernel_size=2,dropout_lin=0.46698,dropout_lstm=0.13131,hidden_dim=128,learning_rate=9.4998e-05,lstm_layers=2,lstm_output_dim=84,opt_step_size=10,weight_decay=0.00016933",9.499824139298268e-05,256,False,2,128,84,0.13130545499164603,0.4669841076124034,10,0.00016932882281290847,"['main_y', 'percentage_y']",['main_y'],['percentage_y'],"[<class 'torch.nn.modules.loss.BCEWithLogitsLoss'>, <class 'torch.nn.modules.loss.L1Loss'>]","[0.9, 0.1]",[True],2,tsfresh,40min_notcentered
7d0d8_00030,3.390864133834839,0.43783146142959595,0.8158240914344788,0.8271729946136475,0.9558936953544617,0.7933545708656311,73.35541534423828,6724.49609375,-3.865095853805542,44.9859356880188,True,,,20,b003d82f277340e5a26f4712685ea56e,2021-09-29_00-59-26,1632866366,971.917801618576,171822,crimv3srv040,10.141.0.34,971.917801618576,0,20,"30_batch_size=1024,bidirectional=True,cnn_kernel_size=2,dropout_lin=0.5556,dropout_lstm=0.80097,hidden_dim=32,learning_rate=2.0241e-05,lstm_layers=2,lstm_output_dim=128,opt_step_size=10,weight_decay=0.0054111",2.024086443710935e-05,1024,True,2,32,128,0.800970662976409,0.555602419727463,10,0.005411060246894596,"['main_y', 'percentage_y']",['main_y'],['percentage_y'],"[<class 'torch.nn.modules.loss.BCEWithLogitsLoss'>, <class 'torch.nn.modules.loss.L1Loss'>]","[0.9, 0.1]",[True],2,tsfresh,40min_notcentered
7d0d8_00031,6.633571147918701,0.0,0.7551380395889282,0.7551380395889282,1.0,0.6497875452041626,73.37128448486328,6725.79833984375,-3.869826316833496,279.1431334018707,True,,,20,42841a0168e248cab781a31fca0c3cf9,2021-09-29_02-33-51,1632872031,5655.822147130966,171819,crimv3srv040,10.141.0.34,5655.822147130966,0,20,"31_batch_size=32,bidirectional=True,cnn_kernel_size=5,dropout_lin=0.92668,dropout_lstm=0.2106,hidden_dim=16,learning_rate=1.0385e-05,lstm_layers=2,lstm_output_dim=22,opt_step_size=17,weight_decay=0.00041425",1.0384761283529538e-05,32,True,2,16,22,0.2105998824690436,0.9266760737133114,17,0.00041425467508562105,"['main_y', 'percentage_y']",['main_y'],['percentage_y'],"[<class 'torch.nn.modules.loss.BCEWithLogitsLoss'>, <class 'torch.nn.modules.loss.L1Loss'>]","[0.9, 0.1]",[True],5,tsfresh,40min_notcentered
7d0d8_00032,2.8747103214263916,0.5723305940628052,0.8520789742469788,0.8720794916152954,0.9424057006835938,0.8444288372993469,73.35541534423828,6724.49609375,-3.865095853805542,54.39117407798767,True,,,15,0221c955f72d4670999bf51df5b3151c,2021-09-29_02-48-14,1632872894,851.4993653297424,171800,crimv3srv040,10.141.0.34,851.4993653297424,0,15,"32_batch_size=1024,bidirectional=True,cnn_kernel_size=5,dropout_lin=0.48746,dropout_lstm=0.54293,hidden_dim=64,learning_rate=0.00091248,lstm_layers=1,lstm_output_dim=58,opt_step_size=11,weight_decay=0.00010405",0.0009124803501757722,1024,True,1,64,58,0.5429314845126325,0.4874570610570692,11,0.00010404910130268542,"['main_y', 'percentage_y']",['main_y'],['percentage_y'],"[<class 'torch.nn.modules.loss.BCEWithLogitsLoss'>, <class 'torch.nn.modules.loss.L1Loss'>]","[0.9, 0.1]",[True],5,tsfresh,40min_notcentered
7d0d8_00033,2.7285208702087402,0.5945244431495667,0.8531494140625,0.8947021961212158,0.9130429625511169,0.8514948487281799,73.35541534423828,6724.49609375,-3.865095853805542,83.28433394432068,True,,,20,391b6e11c7644a1abf18750749b54e9d,2021-09-29_03-17-37,1632874657,1755.9225976467133,171806,crimv3srv040,10.141.0.34,1755.9225976467133,0,20,"33_batch_size=512,bidirectional=False,cnn_kernel_size=9,dropout_lin=0.24973,dropout_lstm=0.35623,hidden_dim=128,learning_rate=0.00027481,lstm_layers=2,lstm_output_dim=32,opt_step_size=14,weight_decay=0.00012404",0.00027481206599692476,512,False,2,128,32,0.3562264845404256,0.24973268425354944,14,0.00012403968307279385,"['main_y', 'percentage_y']",['main_y'],['percentage_y'],"[<class 'torch.nn.modules.loss.BCEWithLogitsLoss'>, <class 'torch.nn.modules.loss.L1Loss'>]","[0.9, 0.1]",[True],9,tsfresh,40min_notcentered
7d0d8_00034,2.945856809616089,0.5435159206390381,0.8454402089118958,0.8546123504638672,0.9584296941757202,0.8320276141166687,73.35541534423828,6724.49609375,-3.865095853805542,44.5717716217041,True,,,12,53602f59cae9401c8df78cd4ffb9f4f2,2021-09-29_03-27-45,1632875265,596.1930348873138,171816,crimv3srv040,10.141.0.34,596.1930348873138,0,12,"34_batch_size=1024,bidirectional=False,cnn_kernel_size=2,dropout_lin=0.64656,dropout_lstm=0.16708,hidden_dim=64,learning_rate=0.015304,lstm_layers=2,lstm_output_dim=22,opt_step_size=11,weight_decay=0.00033793",0.015303685045569984,1024,False,2,64,22,0.16708321415430483,0.6465588198292089,11,0.0003379288751031591,"['main_y', 'percentage_y']",['main_y'],['percentage_y'],"[<class 'torch.nn.modules.loss.BCEWithLogitsLoss'>, <class 'torch.nn.modules.loss.L1Loss'>]","[0.9, 0.1]",[True],2,tsfresh,40min_notcentered
7d0d8_00035,4.4243550300598145,0.0,0.7553523182868958,0.7553523182868958,1.0,0.6500770449638367,73.35541534423828,6724.49609375,-3.865095853805542,47.134836196899414,True,,,20,ce8aca09c2f943ae8add5fa1a858d1aa,2021-09-29_03-44-38,1632876278,1005.4460446834564,171814,crimv3srv040,10.141.0.34,1005.4460446834564,0,20,"35_batch_size=2048,bidirectional=True,cnn_kernel_size=4,dropout_lin=0.85026,dropout_lstm=0.78199,hidden_dim=64,learning_rate=0.0012729,lstm_layers=1,lstm_output_dim=106,opt_step_size=11,weight_decay=0.00023284",0.0012729174705908442,2048,True,1,64,106,0.7819890830123092,0.8502619859973617,11,0.0002328366627888476,"['main_y', 'percentage_y']",['main_y'],['percentage_y'],"[<class 'torch.nn.modules.loss.BCEWithLogitsLoss'>, <class 'torch.nn.modules.loss.L1Loss'>]","[0.9, 0.1]",[True],4,tsfresh,40min_notcentered
7d0d8_00036,1.8866645097732544,0.5794209241867065,0.8526329398155212,0.8794420957565308,0.9327714443206787,0.8471911549568176,73.35541534423828,6724.49609375,-3.865095853805542,63.68181037902832,True,,,20,b9fab7a9fd834b5cba18b8ed2fbb9d6a,2021-09-29_04-06-28,1632877588,1303.267912864685,171787,crimv3srv040,10.141.0.34,1303.267912864685,0,20,"36_batch_size=512,bidirectional=False,cnn_kernel_size=5,dropout_lin=0.50234,dropout_lstm=0.56468,hidden_dim=128,learning_rate=0.0064036,lstm_layers=1,lstm_output_dim=82,opt_step_size=5,weight_decay=0.0012903",0.006403596086308032,512,False,1,128,82,0.5646834023709442,0.5023419207837743,5,0.001290290811125109,"['main_y', 'percentage_y']",['main_y'],['percentage_y'],"[<class 'torch.nn.modules.loss.BCEWithLogitsLoss'>, <class 'torch.nn.modules.loss.L1Loss'>]","[0.9, 0.1]",[True],5,tsfresh,40min_notcentered
7d0d8_00037,1.9276394844055176,0.52875155210495,0.8234041929244995,0.887901246547699,0.8768438100814819,0.8245145678520203,73.37128448486328,6725.79833984375,-3.869826316833496,393.92773628234863,True,,,9,885c26d5a4db47dfbd147e7046ecc26b,2021-09-29_05-05-30,1632881130,3532.65052819252,171786,crimv3srv040,10.141.0.34,3532.65052819252,0,9,"37_batch_size=32,bidirectional=True,cnn_kernel_size=8,dropout_lin=0.23715,dropout_lstm=0.86637,hidden_dim=64,learning_rate=0.0032086,lstm_layers=2,lstm_output_dim=117,opt_step_size=18,weight_decay=0.001553",0.0032086186359638717,32,True,2,64,117,0.8663651401859507,0.23715004992199296,18,0.0015530213748005963,"['main_y', 'percentage_y']",['main_y'],['percentage_y'],"[<class 'torch.nn.modules.loss.BCEWithLogitsLoss'>, <class 'torch.nn.modules.loss.L1Loss'>]","[0.9, 0.1]",[True],8,tsfresh,40min_notcentered
7d0d8_00038,4.6398396492004395,0.0,0.7553523182868958,0.7553523182868958,1.0,0.6500770449638367,73.35541534423828,6724.49609375,-3.865095853805542,27.94976782798767,True,,,20,8a8f3b01c1f448a5aeb5583b39b6d700,2021-09-29_05-15-56,1632881756,614.719610452652,171798,crimv3srv040,10.141.0.34,614.719610452652,0,20,"38_batch_size=2048,bidirectional=True,cnn_kernel_size=3,dropout_lin=0.74312,dropout_lstm=0.43136,hidden_dim=8,learning_rate=0.00020845,lstm_layers=2,lstm_output_dim=13,opt_step_size=4,weight_decay=0.00015302",0.00020845165781943547,2048,True,2,8,13,0.43136371537616447,0.7431155954411705,4,0.00015301746867480575,"['main_y', 'percentage_y']",['main_y'],['percentage_y'],"[<class 'torch.nn.modules.loss.BCEWithLogitsLoss'>, <class 'torch.nn.modules.loss.L1Loss'>]","[0.9, 0.1]",[True],3,tsfresh,40min_notcentered
7d0d8_00039,2.7219271659851074,0.5721476674079895,0.8524075746536255,0.8705968856811523,0.945078432559967,0.8442053198814392,73.35541534423828,6724.49609375,-3.865095853805542,32.00921678543091,True,,,17,0c1678b804744721ae12b792ee0e0fa3,2021-09-29_05-25-34,1632882334,569.9070670604706,171797,crimv3srv040,10.141.0.34,569.9070670604706,0,17,"39_batch_size=1024,bidirectional=False,cnn_kernel_size=9,dropout_lin=0.34657,dropout_lstm=0.44829,hidden_dim=8,learning_rate=0.0076765,lstm_layers=2,lstm_output_dim=13,opt_step_size=2,weight_decay=0.0048063",0.0076764623888409995,1024,False,2,8,13,0.4482906632333077,0.3465694685824763,2,0.004806337356730105,"['main_y', 'percentage_y']",['main_y'],['percentage_y'],"[<class 'torch.nn.modules.loss.BCEWithLogitsLoss'>, <class 'torch.nn.modules.loss.L1Loss'>]","[0.9, 0.1]",[True],9,tsfresh,40min_notcentered
7d0d8_00040,4.017161846160889,0.33489754796028137,0.7917917370796204,0.7858290672302246,0.9957412481307983,0.730993926525116,73.38082122802734,6727.2587890625,-3.8706109523773193,149.54096102714539,True,,,20,86bfe064dead4068baa00145b0a2f99c,2021-09-29_06-16-20,1632885380,3038.808287858963,171784,crimv3srv040,10.141.0.34,3038.808287858963,0,20,"40_batch_size=64,bidirectional=True,cnn_kernel_size=10,dropout_lin=0.71889,dropout_lstm=0.21032,hidden_dim=32,learning_rate=6.671e-06,lstm_layers=1,lstm_output_dim=83,opt_step_size=14,weight_decay=1.0979e-05",6.670981117505504e-06,64,True,1,32,83,0.21032169123628808,0.7188903597837648,14,1.0979278219325238e-05,"['main_y', 'percentage_y']",['main_y'],['percentage_y'],"[<class 'torch.nn.modules.loss.BCEWithLogitsLoss'>, <class 'torch.nn.modules.loss.L1Loss'>]","[0.9, 0.1]",[True],10,tsfresh,40min_notcentered
7d0d8_00041,3.2537033557891846,0.5675989985466003,0.8521908521652222,0.8640225529670715,0.9545443058013916,0.8416091799736023,73.38082122802734,6727.2587890625,-3.8706109523773193,72.01513195037842,True,,,20,2fdf43ef789f49528bf6044f819f47f5,2021-09-29_06-41-20,1632886880,1488.4983096122742,171808,crimv3srv040,10.141.0.34,1488.4983096122742,0,20,"41_batch_size=128,bidirectional=False,cnn_kernel_size=6,dropout_lin=0.37741,dropout_lstm=0.75462,hidden_dim=8,learning_rate=2.8165e-05,lstm_layers=1,lstm_output_dim=108,opt_step_size=8,weight_decay=0.00070151",2.8165300925099684e-05,128,False,1,8,108,0.754618470551135,0.3774077377632834,8,0.0007015138430425319,"['main_y', 'percentage_y']",['main_y'],['percentage_y'],"[<class 'torch.nn.modules.loss.BCEWithLogitsLoss'>, <class 'torch.nn.modules.loss.L1Loss'>]","[0.9, 0.1]",[True],6,tsfresh,40min_notcentered
7d0d8_00042,1.8202128410339355,0.5787836313247681,0.8547760844230652,0.8706567287445068,0.9486094117164612,0.8462571501731873,73.37128448486328,6725.79833984375,-3.869826316833496,252.214346408844,True,,,19,3a3c152621364a1187cab10533d89ded,2021-09-29_08-02-13,1632891733,4845.72018456459,171817,crimv3srv040,10.141.0.34,4845.72018456459,0,19,"42_batch_size=32,bidirectional=True,cnn_kernel_size=9,dropout_lin=0.46693,dropout_lstm=0.4352,hidden_dim=16,learning_rate=0.00039952,lstm_layers=1,lstm_output_dim=90,opt_step_size=8,weight_decay=2.8055e-05",0.00039951697121090227,32,True,1,16,90,0.43519807183967407,0.4669339374716439,8,2.8054709546706298e-05,"['main_y', 'percentage_y']",['main_y'],['percentage_y'],"[<class 'torch.nn.modules.loss.BCEWithLogitsLoss'>, <class 'torch.nn.modules.loss.L1Loss'>]","[0.9, 0.1]",[True],9,tsfresh,40min_notcentered
7d0d8_00043,4.843761444091797,0.0,0.7553646564483643,0.7553646564483643,1.0,0.650093674659729,73.38082122802734,6727.2587890625,-3.8706109523773193,129.1841013431549,True,,,20,0af7a550336c4447b7c55f5277fc3896,2021-09-29_08-46-37,1632894397,2652.2252440452576,171799,crimv3srv040,10.141.0.34,2652.2252440452576,0,20,"43_batch_size=64,bidirectional=False,cnn_kernel_size=7,dropout_lin=0.75359,dropout_lstm=0.94752,hidden_dim=8,learning_rate=4.8118e-05,lstm_layers=2,lstm_output_dim=29,opt_step_size=16,weight_decay=0.0011408",4.8117772945987556e-05,64,False,2,8,29,0.9475248635566969,0.7535865459256251,16,0.0011408042710967497,"['main_y', 'percentage_y']",['main_y'],['percentage_y'],"[<class 'torch.nn.modules.loss.BCEWithLogitsLoss'>, <class 'torch.nn.modules.loss.L1Loss'>]","[0.9, 0.1]",[True],7,tsfresh,40min_notcentered
7d0d8_00044,2.164910316467285,0.4110257625579834,0.8102585077285767,0.8146238923072815,0.9694064855575562,0.7791077494621277,73.38082122802734,6727.2587890625,-3.8706109523773193,133.11473035812378,True,,,20,dedeece29dc54adca222799566339318,2021-09-29_09-32-15,1632897135,2730.9215490818024,171789,crimv3srv040,10.141.0.34,2730.9215490818024,0,20,"44_batch_size=64,bidirectional=False,cnn_kernel_size=8,dropout_lin=0.54205,dropout_lstm=0.77981,hidden_dim=16,learning_rate=0.00036555,lstm_layers=2,lstm_output_dim=89,opt_step_size=2,weight_decay=0.001022",0.00036555074894937097,64,False,2,16,89,0.7798078169057153,0.5420464951276872,2,0.0010219809070395266,"['main_y', 'percentage_y']",['main_y'],['percentage_y'],"[<class 'torch.nn.modules.loss.BCEWithLogitsLoss'>, <class 'torch.nn.modules.loss.L1Loss'>]","[0.9, 0.1]",[True],8,tsfresh,40min_notcentered
7d0d8_00045,7.934485912322998,0.0,0.7553523182868958,0.7553523182868958,1.0,0.6500770449638367,73.35541534423828,6724.49609375,-3.865095853805542,42.08479046821594,True,,,20,01c37a79c2ed4e4ba623d5dc147faebf,2021-09-29_09-47-24,1632898044,899.5135025978088,171810,crimv3srv040,10.141.0.34,899.5135025978088,0,20,"45_batch_size=2048,bidirectional=False,cnn_kernel_size=3,dropout_lin=0.31906,dropout_lstm=0.44927,hidden_dim=64,learning_rate=3.3822e-06,lstm_layers=2,lstm_output_dim=11,opt_step_size=9,weight_decay=0.00059752",3.382192453382467e-06,2048,False,2,64,11,0.4492694676483425,0.3190622728485525,9,0.0005975153321054253,"['main_y', 'percentage_y']",['main_y'],['percentage_y'],"[<class 'torch.nn.modules.loss.BCEWithLogitsLoss'>, <class 'torch.nn.modules.loss.L1Loss'>]","[0.9, 0.1]",[True],3,tsfresh,40min_notcentered
7d0d8_00046,3.369328022003174,0.4714837670326233,0.8190823793411255,0.8504565954208374,0.9227393865585327,0.8091084361076355,73.35541534423828,6724.49609375,-3.865095853805542,73.4944589138031,True,,,14,381783cd187b49f8a9534e09515de253,2021-09-29_10-05-52,1632899152,1100.3717114925385,171811,crimv3srv040,10.141.0.34,1100.3717114925385,0,14,"46_batch_size=256,bidirectional=True,cnn_kernel_size=4,dropout_lin=0.39912,dropout_lstm=0.60316,hidden_dim=64,learning_rate=0.00021269,lstm_layers=1,lstm_output_dim=10,opt_step_size=13,weight_decay=2.5519e-05",0.0002126945379161854,256,True,1,64,10,0.6031573389025898,0.3991240320683669,13,2.551914082219046e-05,"['main_y', 'percentage_y']",['main_y'],['percentage_y'],"[<class 'torch.nn.modules.loss.BCEWithLogitsLoss'>, <class 'torch.nn.modules.loss.L1Loss'>]","[0.9, 0.1]",[True],4,tsfresh,40min_notcentered
7d0d8_00047,1.9749284982681274,0.4543738067150116,0.8143216371536255,0.8454740047454834,0.9228512644767761,0.803109347820282,73.35541534423828,6724.49609375,-3.865095853805542,28.019667148590088,True,,,20,446e56eb9c0643a8acf75f18f175010c,2021-09-29_10-16-25,1632899785,625.7221629619598,171795,crimv3srv040,10.141.0.34,625.7221629619598,0,20,"47_batch_size=1024,bidirectional=False,cnn_kernel_size=4,dropout_lin=0.05885,dropout_lstm=0.72534,hidden_dim=8,learning_rate=0.00013744,lstm_layers=2,lstm_output_dim=89,opt_step_size=10,weight_decay=0.00043753",0.00013743533144080063,1024,False,2,8,89,0.7253443014473111,0.058849584707383884,10,0.00043753179503939484,"['main_y', 'percentage_y']",['main_y'],['percentage_y'],"[<class 'torch.nn.modules.loss.BCEWithLogitsLoss'>, <class 'torch.nn.modules.loss.L1Loss'>]","[0.9, 0.1]",[True],4,tsfresh,40min_notcentered
7d0d8_00048,7.803030967712402,0.49584779143333435,0.8288292288780212,0.851410448551178,0.9368986487388611,0.8172208666801453,73.35541534423828,6724.49609375,-3.865095853805542,33.120413064956665,True,,,20,7409c599f997428690064529d601cba3,2021-09-29_10-28-10,1632900490,696.4958243370056,168856,crimv3srv040,10.141.0.34,696.4958243370056,0,20,"48_batch_size=1024,bidirectional=False,cnn_kernel_size=4,dropout_lin=0.74792,dropout_lstm=0.28597,hidden_dim=32,learning_rate=4.4867e-06,lstm_layers=1,lstm_output_dim=129,opt_step_size=7,weight_decay=0.0029924",4.486686500625957e-06,1024,False,1,32,129,0.2859696405232247,0.7479166488445369,7,0.0029924467878651405,"['main_y', 'percentage_y']",['main_y'],['percentage_y'],"[<class 'torch.nn.modules.loss.BCEWithLogitsLoss'>, <class 'torch.nn.modules.loss.L1Loss'>]","[0.9, 0.1]",[True],4,tsfresh,40min_notcentered
7d0d8_00049,4.063121318817139,0.4637596607208252,0.8239558339118958,0.8234862089157104,0.9761816263198853,0.7961225509643555,73.35541534423828,6724.49609375,-3.865095853805542,33.45560884475708,True,,,20,a9add9e8132444b9a5edd899463664b1,2021-09-29_10-40-34,1632901234,735.7248048782349,187209,crimv3srv040,10.141.0.34,735.7248048782349,0,20,"49_batch_size=512,bidirectional=False,cnn_kernel_size=5,dropout_lin=0.701,dropout_lstm=0.074605,hidden_dim=8,learning_rate=3.0555e-05,lstm_layers=1,lstm_output_dim=103,opt_step_size=16,weight_decay=1.451e-05",3.055467136195666e-05,512,False,1,8,103,0.07460507921983606,0.7009969661574442,16,1.4509860381993044e-05,"['main_y', 'percentage_y']",['main_y'],['percentage_y'],"[<class 'torch.nn.modules.loss.BCEWithLogitsLoss'>, <class 'torch.nn.modules.loss.L1Loss'>]","[0.9, 0.1]",[True],5,tsfresh,40min_notcentered
